Copyright 1986-2022 Xilinx, Inc. All Rights Reserved. Copyright 2022-2025 Advanced Micro Devices, Inc. All Rights Reserved.
------------------------------------------------------------------------------------------------------------------------------------------------------------------------------------------------------------------------------------------------------------------------------------------
| Tool Version : Vivado v.2025.1 (win64) Build 6140274 Thu May 22 00:12:29 MDT 2025
| Date         : Sat Nov 29 18:32:39 2025
| Host         : thaituanhiep running 64-bit major release  (build 9200)
| Command      : report_timing_summary -max_paths 10 -routable_nets -report_unconstrained -file top_uart_clock_7seg_basys3_timing_summary_routed.rpt -pb top_uart_clock_7seg_basys3_timing_summary_routed.pb -rpx top_uart_clock_7seg_basys3_timing_summary_routed.rpx -warn_on_violation
| Design       : top_uart_clock_7seg_basys3
| Device       : 7a35t-cpg236
| Speed File   : -1  PRODUCTION 1.23 2018-06-13
| Design State : Routed
------------------------------------------------------------------------------------------------------------------------------------------------------------------------------------------------------------------------------------------------------------------------------------------

Timing Summary Report

------------------------------------------------------------------------------------------------
| Timer Settings
| --------------
------------------------------------------------------------------------------------------------

  Enable Multi Corner Analysis               :  Yes
  Enable Pessimism Removal                   :  Yes
  Pessimism Removal Resolution               :  Nearest Common Node
  Enable Input Delay Default Clock           :  No
  Enable Preset / Clear Arcs                 :  No
  Disable Flight Delays                      :  No
  Ignore I/O Paths                           :  No
  Timing Early Launch at Borrowing Latches   :  No
  Borrow Time for Max Delay Exceptions       :  Yes
  Merge Timing Exceptions                    :  Yes
  Inter-SLR Compensation                     :  Conservative

  Corner  Analyze    Analyze    
  Name    Max Paths  Min Paths  
  ------  ---------  ---------  
  Slow    Yes        Yes        
  Fast    Yes        Yes        


------------------------------------------------------------------------------------------------
| Report Methodology
| ------------------
------------------------------------------------------------------------------------------------

Rule       Severity  Description                    Violations  
---------  --------  -----------------------------  ----------  
TIMING-18  Warning   Missing input or output delay  17          

Note: This report is based on the most recent report_methodology run and may not be up-to-date. Run report_methodology on the current design for the latest report.



check_timing report

Table of Contents
-----------------
1. checking no_clock (0)
2. checking constant_clock (0)
3. checking pulse_width_clock (0)
4. checking unconstrained_internal_endpoints (0)
5. checking no_input_delay (2)
6. checking no_output_delay (12)
7. checking multiple_clock (0)
8. checking generated_clocks (0)
9. checking loops (0)
10. checking partial_input_delay (0)
11. checking partial_output_delay (0)
12. checking latch_loops (0)

1. checking no_clock (0)
------------------------
 There are 0 register/latch pins with no clock.


2. checking constant_clock (0)
------------------------------
 There are 0 register/latch pins with constant_clock.


3. checking pulse_width_clock (0)
---------------------------------
 There are 0 register/latch pins which need pulse_width check


4. checking unconstrained_internal_endpoints (0)
------------------------------------------------
 There are 0 pins that are not constrained for maximum delay.

 There are 0 pins that are not constrained for maximum delay due to constant clock.


5. checking no_input_delay (2)
------------------------------
 There are 2 input ports with no input delay specified. (HIGH)

 There are 0 input ports with no input delay but user has a false path constraint.


6. checking no_output_delay (12)
--------------------------------
 There are 12 ports with no output delay specified. (HIGH)

 There are 0 ports with no output delay but user has a false path constraint

 There are 0 ports with no output delay but with a timing clock defined on it or propagating through it


7. checking multiple_clock (0)
------------------------------
 There are 0 register/latch pins with multiple clocks.


8. checking generated_clocks (0)
--------------------------------
 There are 0 generated clocks that are not connected to a clock source.


9. checking loops (0)
---------------------
 There are 0 combinational loops in the design.


10. checking partial_input_delay (0)
------------------------------------
 There are 0 input ports with partial input delay specified.


11. checking partial_output_delay (0)
-------------------------------------
 There are 0 ports with partial output delay specified.


12. checking latch_loops (0)
----------------------------
 There are 0 combinational latch loops in the design through latch input



------------------------------------------------------------------------------------------------
| Design Timing Summary
| ---------------------
------------------------------------------------------------------------------------------------

    WNS(ns)      TNS(ns)  TNS Failing Endpoints  TNS Total Endpoints      WHS(ns)      THS(ns)  THS Failing Endpoints  THS Total Endpoints     WPWS(ns)     TPWS(ns)  TPWS Failing Endpoints  TPWS Total Endpoints  
    -------      -------  ---------------------  -------------------      -------      -------  ---------------------  -------------------     --------     --------  ----------------------  --------------------  
      4.672        0.000                      0                  335        0.179        0.000                      0                  335        4.500        0.000                       0                   163  


All user specified timing constraints are met.


------------------------------------------------------------------------------------------------
| Clock Summary
| -------------
------------------------------------------------------------------------------------------------

Clock        Waveform(ns)       Period(ns)      Frequency(MHz)
-----        ------------       ----------      --------------
sys_clk_pin  {0.000 5.000}      10.000          100.000         


------------------------------------------------------------------------------------------------
| Intra Clock Table
| -----------------
------------------------------------------------------------------------------------------------

Clock             WNS(ns)      TNS(ns)  TNS Failing Endpoints  TNS Total Endpoints      WHS(ns)      THS(ns)  THS Failing Endpoints  THS Total Endpoints     WPWS(ns)     TPWS(ns)  TPWS Failing Endpoints  TPWS Total Endpoints  
-----             -------      -------  ---------------------  -------------------      -------      -------  ---------------------  -------------------     --------     --------  ----------------------  --------------------  
sys_clk_pin         4.672        0.000                      0                  335        0.179        0.000                      0                  335        4.500        0.000                       0                   163  


------------------------------------------------------------------------------------------------
| Inter Clock Table
| -----------------
------------------------------------------------------------------------------------------------

From Clock    To Clock          WNS(ns)      TNS(ns)  TNS Failing Endpoints  TNS Total Endpoints      WHS(ns)      THS(ns)  THS Failing Endpoints  THS Total Endpoints  
----------    --------          -------      -------  ---------------------  -------------------      -------      -------  ---------------------  -------------------  


------------------------------------------------------------------------------------------------
| Other Path Groups Table
| -----------------------
------------------------------------------------------------------------------------------------

Path Group    From Clock    To Clock          WNS(ns)      TNS(ns)  TNS Failing Endpoints  TNS Total Endpoints      WHS(ns)      THS(ns)  THS Failing Endpoints  THS Total Endpoints  
----------    ----------    --------          -------      -------  ---------------------  -------------------      -------      -------  ---------------------  -------------------  


------------------------------------------------------------------------------------------------
| User Ignored Path Table
| -----------------------
------------------------------------------------------------------------------------------------

Path Group    From Clock    To Clock    
----------    ----------    --------    


------------------------------------------------------------------------------------------------
| Unconstrained Path Table
| ------------------------
------------------------------------------------------------------------------------------------

Path Group    From Clock    To Clock    
----------    ----------    --------    
(none)        sys_clk_pin                 
(none)                      sys_clk_pin   


------------------------------------------------------------------------------------------------
| Timing Details
| --------------
------------------------------------------------------------------------------------------------


---------------------------------------------------------------------------------------------------
From Clock:  sys_clk_pin
  To Clock:  sys_clk_pin

Setup :            0  Failing Endpoints,  Worst Slack        4.672ns,  Total Violation        0.000ns
Hold  :            0  Failing Endpoints,  Worst Slack        0.179ns,  Total Violation        0.000ns
PW    :            0  Failing Endpoints,  Worst Slack        4.500ns,  Total Violation        0.000ns
---------------------------------------------------------------------------------------------------


Max Delay Paths
--------------------------------------------------------------------------------------
Slack (MET) :             4.672ns  (required time - arrival time)
  Source:                 div_reg[14]/C
                            (rising edge-triggered cell FDRE clocked by sys_clk_pin  {rise@0.000ns fall@5.000ns period=10.000ns})
  Destination:            minute_reg[3]/CE
                            (rising edge-triggered cell FDRE clocked by sys_clk_pin  {rise@0.000ns fall@5.000ns period=10.000ns})
  Path Group:             sys_clk_pin
  Path Type:              Setup (Max at Slow Process Corner)
  Requirement:            10.000ns  (sys_clk_pin rise@10.000ns - sys_clk_pin rise@0.000ns)
  Data Path Delay:        4.856ns  (logic 1.042ns (21.458%)  route 3.814ns (78.542%))
  Logic Levels:           4  (LUT4=1 LUT6=3)
  Clock Path Skew:        -0.030ns (DCD - SCD + CPR)
    Destination Clock Delay (DCD):    4.848ns = ( 14.848 - 10.000 ) 
    Source Clock Delay      (SCD):    5.138ns
    Clock Pessimism Removal (CPR):    0.260ns
  Clock Uncertainty:      0.035ns  ((TSJ^2 + TIJ^2)^1/2 + DJ) / 2 + PE
    Total System Jitter     (TSJ):    0.071ns
    Total Input Jitter      (TIJ):    0.000ns
    Discrete Jitter          (DJ):    0.000ns
    Phase Error              (PE):    0.000ns

    Location             Delay type                Incr(ns)  Path(ns)    Netlist Resource(s)
  -------------------------------------------------------------------    -------------------
                         (clock sys_clk_pin rise edge)
                                                      0.000     0.000 r  
    W5                                                0.000     0.000 r  CLK100MHZ (IN)
                         net (fo=0)                   0.000     0.000    CLK100MHZ
    W5                   IBUF (Prop_ibuf_I_O)         1.458     1.458 r  CLK100MHZ_IBUF_inst/O
                         net (fo=1, routed)           1.967     3.425    CLK100MHZ_IBUF
    BUFGCTRL_X0Y0        BUFG (Prop_bufg_I_O)         0.096     3.521 r  CLK100MHZ_IBUF_BUFG_inst/O
                         net (fo=162, routed)         1.617     5.138    CLK100MHZ_IBUF_BUFG
    SLICE_X60Y25         FDRE                                         r  div_reg[14]/C
  -------------------------------------------------------------------    -------------------
    SLICE_X60Y25         FDRE (Prop_fdre_C_Q)         0.518     5.656 r  div_reg[14]/Q
                         net (fo=2, routed)           1.090     6.746    div_reg[14]
    SLICE_X61Y25         LUT6 (Prop_lut6_I1_O)        0.124     6.870 r  div[0]_i_8/O
                         net (fo=1, routed)           0.517     7.387    div[0]_i_8_n_0
    SLICE_X61Y22         LUT6 (Prop_lut6_I5_O)        0.124     7.511 r  div[0]_i_3/O
                         net (fo=1, routed)           0.403     7.914    div[0]_i_3_n_0
    SLICE_X61Y24         LUT6 (Prop_lut6_I0_O)        0.124     8.038 r  div[0]_i_1/O
                         net (fo=30, routed)          1.103     9.141    tick_1hz
    SLICE_X59Y22         LUT4 (Prop_lut4_I0_O)        0.152     9.293 r  minute[5]_i_1/O
                         net (fo=6, routed)           0.702     9.994    minute[5]_i_1_n_0
    SLICE_X61Y19         FDRE                                         r  minute_reg[3]/CE
  -------------------------------------------------------------------    -------------------

                         (clock sys_clk_pin rise edge)
                                                     10.000    10.000 r  
    W5                                                0.000    10.000 r  CLK100MHZ (IN)
                         net (fo=0)                   0.000    10.000    CLK100MHZ
    W5                   IBUF (Prop_ibuf_I_O)         1.388    11.388 r  CLK100MHZ_IBUF_inst/O
                         net (fo=1, routed)           1.862    13.250    CLK100MHZ_IBUF
    BUFGCTRL_X0Y0        BUFG (Prop_bufg_I_O)         0.091    13.341 r  CLK100MHZ_IBUF_BUFG_inst/O
                         net (fo=162, routed)         1.507    14.848    CLK100MHZ_IBUF_BUFG
    SLICE_X61Y19         FDRE                                         r  minute_reg[3]/C
                         clock pessimism              0.260    15.108    
                         clock uncertainty           -0.035    15.073    
    SLICE_X61Y19         FDRE (Setup_fdre_C_CE)      -0.407    14.666    minute_reg[3]
  -------------------------------------------------------------------
                         required time                         14.666    
                         arrival time                          -9.994    
  -------------------------------------------------------------------
                         slack                                  4.672    

Slack (MET) :             4.729ns  (required time - arrival time)
  Source:                 div_reg[14]/C
                            (rising edge-triggered cell FDRE clocked by sys_clk_pin  {rise@0.000ns fall@5.000ns period=10.000ns})
  Destination:            minute_reg[0]/CE
                            (rising edge-triggered cell FDRE clocked by sys_clk_pin  {rise@0.000ns fall@5.000ns period=10.000ns})
  Path Group:             sys_clk_pin
  Path Type:              Setup (Max at Slow Process Corner)
  Requirement:            10.000ns  (sys_clk_pin rise@10.000ns - sys_clk_pin rise@0.000ns)
  Data Path Delay:        4.799ns  (logic 1.042ns (21.714%)  route 3.757ns (78.286%))
  Logic Levels:           4  (LUT4=1 LUT6=3)
  Clock Path Skew:        -0.030ns (DCD - SCD + CPR)
    Destination Clock Delay (DCD):    4.848ns = ( 14.848 - 10.000 ) 
    Source Clock Delay      (SCD):    5.138ns
    Clock Pessimism Removal (CPR):    0.260ns
  Clock Uncertainty:      0.035ns  ((TSJ^2 + TIJ^2)^1/2 + DJ) / 2 + PE
    Total System Jitter     (TSJ):    0.071ns
    Total Input Jitter      (TIJ):    0.000ns
    Discrete Jitter          (DJ):    0.000ns
    Phase Error              (PE):    0.000ns

    Location             Delay type                Incr(ns)  Path(ns)    Netlist Resource(s)
  -------------------------------------------------------------------    -------------------
                         (clock sys_clk_pin rise edge)
                                                      0.000     0.000 r  
    W5                                                0.000     0.000 r  CLK100MHZ (IN)
                         net (fo=0)                   0.000     0.000    CLK100MHZ
    W5                   IBUF (Prop_ibuf_I_O)         1.458     1.458 r  CLK100MHZ_IBUF_inst/O
                         net (fo=1, routed)           1.967     3.425    CLK100MHZ_IBUF
    BUFGCTRL_X0Y0        BUFG (Prop_bufg_I_O)         0.096     3.521 r  CLK100MHZ_IBUF_BUFG_inst/O
                         net (fo=162, routed)         1.617     5.138    CLK100MHZ_IBUF_BUFG
    SLICE_X60Y25         FDRE                                         r  div_reg[14]/C
  -------------------------------------------------------------------    -------------------
    SLICE_X60Y25         FDRE (Prop_fdre_C_Q)         0.518     5.656 r  div_reg[14]/Q
                         net (fo=2, routed)           1.090     6.746    div_reg[14]
    SLICE_X61Y25         LUT6 (Prop_lut6_I1_O)        0.124     6.870 r  div[0]_i_8/O
                         net (fo=1, routed)           0.517     7.387    div[0]_i_8_n_0
    SLICE_X61Y22         LUT6 (Prop_lut6_I5_O)        0.124     7.511 r  div[0]_i_3/O
                         net (fo=1, routed)           0.403     7.914    div[0]_i_3_n_0
    SLICE_X61Y24         LUT6 (Prop_lut6_I0_O)        0.124     8.038 r  div[0]_i_1/O
                         net (fo=30, routed)          1.103     9.141    tick_1hz
    SLICE_X59Y22         LUT4 (Prop_lut4_I0_O)        0.152     9.293 r  minute[5]_i_1/O
                         net (fo=6, routed)           0.644     9.937    minute[5]_i_1_n_0
    SLICE_X59Y19         FDRE                                         r  minute_reg[0]/CE
  -------------------------------------------------------------------    -------------------

                         (clock sys_clk_pin rise edge)
                                                     10.000    10.000 r  
    W5                                                0.000    10.000 r  CLK100MHZ (IN)
                         net (fo=0)                   0.000    10.000    CLK100MHZ
    W5                   IBUF (Prop_ibuf_I_O)         1.388    11.388 r  CLK100MHZ_IBUF_inst/O
                         net (fo=1, routed)           1.862    13.250    CLK100MHZ_IBUF
    BUFGCTRL_X0Y0        BUFG (Prop_bufg_I_O)         0.091    13.341 r  CLK100MHZ_IBUF_BUFG_inst/O
                         net (fo=162, routed)         1.507    14.848    CLK100MHZ_IBUF_BUFG
    SLICE_X59Y19         FDRE                                         r  minute_reg[0]/C
                         clock pessimism              0.260    15.108    
                         clock uncertainty           -0.035    15.073    
    SLICE_X59Y19         FDRE (Setup_fdre_C_CE)      -0.407    14.666    minute_reg[0]
  -------------------------------------------------------------------
                         required time                         14.666    
                         arrival time                          -9.937    
  -------------------------------------------------------------------
                         slack                                  4.729    

Slack (MET) :             4.753ns  (required time - arrival time)
  Source:                 div_reg[14]/C
                            (rising edge-triggered cell FDRE clocked by sys_clk_pin  {rise@0.000ns fall@5.000ns period=10.000ns})
  Destination:            minute_reg[1]/CE
                            (rising edge-triggered cell FDRE clocked by sys_clk_pin  {rise@0.000ns fall@5.000ns period=10.000ns})
  Path Group:             sys_clk_pin
  Path Type:              Setup (Max at Slow Process Corner)
  Requirement:            10.000ns  (sys_clk_pin rise@10.000ns - sys_clk_pin rise@0.000ns)
  Data Path Delay:        4.811ns  (logic 1.042ns (21.659%)  route 3.769ns (78.341%))
  Logic Levels:           4  (LUT4=1 LUT6=3)
  Clock Path Skew:        -0.030ns (DCD - SCD + CPR)
    Destination Clock Delay (DCD):    4.848ns = ( 14.848 - 10.000 ) 
    Source Clock Delay      (SCD):    5.138ns
    Clock Pessimism Removal (CPR):    0.260ns
  Clock Uncertainty:      0.035ns  ((TSJ^2 + TIJ^2)^1/2 + DJ) / 2 + PE
    Total System Jitter     (TSJ):    0.071ns
    Total Input Jitter      (TIJ):    0.000ns
    Discrete Jitter          (DJ):    0.000ns
    Phase Error              (PE):    0.000ns

    Location             Delay type                Incr(ns)  Path(ns)    Netlist Resource(s)
  -------------------------------------------------------------------    -------------------
                         (clock sys_clk_pin rise edge)
                                                      0.000     0.000 r  
    W5                                                0.000     0.000 r  CLK100MHZ (IN)
                         net (fo=0)                   0.000     0.000    CLK100MHZ
    W5                   IBUF (Prop_ibuf_I_O)         1.458     1.458 r  CLK100MHZ_IBUF_inst/O
                         net (fo=1, routed)           1.967     3.425    CLK100MHZ_IBUF
    BUFGCTRL_X0Y0        BUFG (Prop_bufg_I_O)         0.096     3.521 r  CLK100MHZ_IBUF_BUFG_inst/O
                         net (fo=162, routed)         1.617     5.138    CLK100MHZ_IBUF_BUFG
    SLICE_X60Y25         FDRE                                         r  div_reg[14]/C
  -------------------------------------------------------------------    -------------------
    SLICE_X60Y25         FDRE (Prop_fdre_C_Q)         0.518     5.656 r  div_reg[14]/Q
                         net (fo=2, routed)           1.090     6.746    div_reg[14]
    SLICE_X61Y25         LUT6 (Prop_lut6_I1_O)        0.124     6.870 r  div[0]_i_8/O
                         net (fo=1, routed)           0.517     7.387    div[0]_i_8_n_0
    SLICE_X61Y22         LUT6 (Prop_lut6_I5_O)        0.124     7.511 r  div[0]_i_3/O
                         net (fo=1, routed)           0.403     7.914    div[0]_i_3_n_0
    SLICE_X61Y24         LUT6 (Prop_lut6_I0_O)        0.124     8.038 r  div[0]_i_1/O
                         net (fo=30, routed)          1.103     9.141    tick_1hz
    SLICE_X59Y22         LUT4 (Prop_lut4_I0_O)        0.152     9.293 r  minute[5]_i_1/O
                         net (fo=6, routed)           0.656     9.949    minute[5]_i_1_n_0
    SLICE_X60Y19         FDRE                                         r  minute_reg[1]/CE
  -------------------------------------------------------------------    -------------------

                         (clock sys_clk_pin rise edge)
                                                     10.000    10.000 r  
    W5                                                0.000    10.000 r  CLK100MHZ (IN)
                         net (fo=0)                   0.000    10.000    CLK100MHZ
    W5                   IBUF (Prop_ibuf_I_O)         1.388    11.388 r  CLK100MHZ_IBUF_inst/O
                         net (fo=1, routed)           1.862    13.250    CLK100MHZ_IBUF
    BUFGCTRL_X0Y0        BUFG (Prop_bufg_I_O)         0.091    13.341 r  CLK100MHZ_IBUF_BUFG_inst/O
                         net (fo=162, routed)         1.507    14.848    CLK100MHZ_IBUF_BUFG
    SLICE_X60Y19         FDRE                                         r  minute_reg[1]/C
                         clock pessimism              0.260    15.108    
                         clock uncertainty           -0.035    15.073    
    SLICE_X60Y19         FDRE (Setup_fdre_C_CE)      -0.371    14.702    minute_reg[1]
  -------------------------------------------------------------------
                         required time                         14.702    
                         arrival time                          -9.949    
  -------------------------------------------------------------------
                         slack                                  4.753    

Slack (MET) :             4.753ns  (required time - arrival time)
  Source:                 div_reg[14]/C
                            (rising edge-triggered cell FDRE clocked by sys_clk_pin  {rise@0.000ns fall@5.000ns period=10.000ns})
  Destination:            minute_reg[2]/CE
                            (rising edge-triggered cell FDRE clocked by sys_clk_pin  {rise@0.000ns fall@5.000ns period=10.000ns})
  Path Group:             sys_clk_pin
  Path Type:              Setup (Max at Slow Process Corner)
  Requirement:            10.000ns  (sys_clk_pin rise@10.000ns - sys_clk_pin rise@0.000ns)
  Data Path Delay:        4.811ns  (logic 1.042ns (21.659%)  route 3.769ns (78.341%))
  Logic Levels:           4  (LUT4=1 LUT6=3)
  Clock Path Skew:        -0.030ns (DCD - SCD + CPR)
    Destination Clock Delay (DCD):    4.848ns = ( 14.848 - 10.000 ) 
    Source Clock Delay      (SCD):    5.138ns
    Clock Pessimism Removal (CPR):    0.260ns
  Clock Uncertainty:      0.035ns  ((TSJ^2 + TIJ^2)^1/2 + DJ) / 2 + PE
    Total System Jitter     (TSJ):    0.071ns
    Total Input Jitter      (TIJ):    0.000ns
    Discrete Jitter          (DJ):    0.000ns
    Phase Error              (PE):    0.000ns

    Location             Delay type                Incr(ns)  Path(ns)    Netlist Resource(s)
  -------------------------------------------------------------------    -------------------
                         (clock sys_clk_pin rise edge)
                                                      0.000     0.000 r  
    W5                                                0.000     0.000 r  CLK100MHZ (IN)
                         net (fo=0)                   0.000     0.000    CLK100MHZ
    W5                   IBUF (Prop_ibuf_I_O)         1.458     1.458 r  CLK100MHZ_IBUF_inst/O
                         net (fo=1, routed)           1.967     3.425    CLK100MHZ_IBUF
    BUFGCTRL_X0Y0        BUFG (Prop_bufg_I_O)         0.096     3.521 r  CLK100MHZ_IBUF_BUFG_inst/O
                         net (fo=162, routed)         1.617     5.138    CLK100MHZ_IBUF_BUFG
    SLICE_X60Y25         FDRE                                         r  div_reg[14]/C
  -------------------------------------------------------------------    -------------------
    SLICE_X60Y25         FDRE (Prop_fdre_C_Q)         0.518     5.656 r  div_reg[14]/Q
                         net (fo=2, routed)           1.090     6.746    div_reg[14]
    SLICE_X61Y25         LUT6 (Prop_lut6_I1_O)        0.124     6.870 r  div[0]_i_8/O
                         net (fo=1, routed)           0.517     7.387    div[0]_i_8_n_0
    SLICE_X61Y22         LUT6 (Prop_lut6_I5_O)        0.124     7.511 r  div[0]_i_3/O
                         net (fo=1, routed)           0.403     7.914    div[0]_i_3_n_0
    SLICE_X61Y24         LUT6 (Prop_lut6_I0_O)        0.124     8.038 r  div[0]_i_1/O
                         net (fo=30, routed)          1.103     9.141    tick_1hz
    SLICE_X59Y22         LUT4 (Prop_lut4_I0_O)        0.152     9.293 r  minute[5]_i_1/O
                         net (fo=6, routed)           0.656     9.949    minute[5]_i_1_n_0
    SLICE_X60Y19         FDRE                                         r  minute_reg[2]/CE
  -------------------------------------------------------------------    -------------------

                         (clock sys_clk_pin rise edge)
                                                     10.000    10.000 r  
    W5                                                0.000    10.000 r  CLK100MHZ (IN)
                         net (fo=0)                   0.000    10.000    CLK100MHZ
    W5                   IBUF (Prop_ibuf_I_O)         1.388    11.388 r  CLK100MHZ_IBUF_inst/O
                         net (fo=1, routed)           1.862    13.250    CLK100MHZ_IBUF
    BUFGCTRL_X0Y0        BUFG (Prop_bufg_I_O)         0.091    13.341 r  CLK100MHZ_IBUF_BUFG_inst/O
                         net (fo=162, routed)         1.507    14.848    CLK100MHZ_IBUF_BUFG
    SLICE_X60Y19         FDRE                                         r  minute_reg[2]/C
                         clock pessimism              0.260    15.108    
                         clock uncertainty           -0.035    15.073    
    SLICE_X60Y19         FDRE (Setup_fdre_C_CE)      -0.371    14.702    minute_reg[2]
  -------------------------------------------------------------------
                         required time                         14.702    
                         arrival time                          -9.949    
  -------------------------------------------------------------------
                         slack                                  4.753    

Slack (MET) :             4.753ns  (required time - arrival time)
  Source:                 div_reg[14]/C
                            (rising edge-triggered cell FDRE clocked by sys_clk_pin  {rise@0.000ns fall@5.000ns period=10.000ns})
  Destination:            minute_reg[5]/CE
                            (rising edge-triggered cell FDRE clocked by sys_clk_pin  {rise@0.000ns fall@5.000ns period=10.000ns})
  Path Group:             sys_clk_pin
  Path Type:              Setup (Max at Slow Process Corner)
  Requirement:            10.000ns  (sys_clk_pin rise@10.000ns - sys_clk_pin rise@0.000ns)
  Data Path Delay:        4.811ns  (logic 1.042ns (21.659%)  route 3.769ns (78.341%))
  Logic Levels:           4  (LUT4=1 LUT6=3)
  Clock Path Skew:        -0.030ns (DCD - SCD + CPR)
    Destination Clock Delay (DCD):    4.848ns = ( 14.848 - 10.000 ) 
    Source Clock Delay      (SCD):    5.138ns
    Clock Pessimism Removal (CPR):    0.260ns
  Clock Uncertainty:      0.035ns  ((TSJ^2 + TIJ^2)^1/2 + DJ) / 2 + PE
    Total System Jitter     (TSJ):    0.071ns
    Total Input Jitter      (TIJ):    0.000ns
    Discrete Jitter          (DJ):    0.000ns
    Phase Error              (PE):    0.000ns

    Location             Delay type                Incr(ns)  Path(ns)    Netlist Resource(s)
  -------------------------------------------------------------------    -------------------
                         (clock sys_clk_pin rise edge)
                                                      0.000     0.000 r  
    W5                                                0.000     0.000 r  CLK100MHZ (IN)
                         net (fo=0)                   0.000     0.000    CLK100MHZ
    W5                   IBUF (Prop_ibuf_I_O)         1.458     1.458 r  CLK100MHZ_IBUF_inst/O
                         net (fo=1, routed)           1.967     3.425    CLK100MHZ_IBUF
    BUFGCTRL_X0Y0        BUFG (Prop_bufg_I_O)         0.096     3.521 r  CLK100MHZ_IBUF_BUFG_inst/O
                         net (fo=162, routed)         1.617     5.138    CLK100MHZ_IBUF_BUFG
    SLICE_X60Y25         FDRE                                         r  div_reg[14]/C
  -------------------------------------------------------------------    -------------------
    SLICE_X60Y25         FDRE (Prop_fdre_C_Q)         0.518     5.656 r  div_reg[14]/Q
                         net (fo=2, routed)           1.090     6.746    div_reg[14]
    SLICE_X61Y25         LUT6 (Prop_lut6_I1_O)        0.124     6.870 r  div[0]_i_8/O
                         net (fo=1, routed)           0.517     7.387    div[0]_i_8_n_0
    SLICE_X61Y22         LUT6 (Prop_lut6_I5_O)        0.124     7.511 r  div[0]_i_3/O
                         net (fo=1, routed)           0.403     7.914    div[0]_i_3_n_0
    SLICE_X61Y24         LUT6 (Prop_lut6_I0_O)        0.124     8.038 r  div[0]_i_1/O
                         net (fo=30, routed)          1.103     9.141    tick_1hz
    SLICE_X59Y22         LUT4 (Prop_lut4_I0_O)        0.152     9.293 r  minute[5]_i_1/O
                         net (fo=6, routed)           0.656     9.949    minute[5]_i_1_n_0
    SLICE_X60Y19         FDRE                                         r  minute_reg[5]/CE
  -------------------------------------------------------------------    -------------------

                         (clock sys_clk_pin rise edge)
                                                     10.000    10.000 r  
    W5                                                0.000    10.000 r  CLK100MHZ (IN)
                         net (fo=0)                   0.000    10.000    CLK100MHZ
    W5                   IBUF (Prop_ibuf_I_O)         1.388    11.388 r  CLK100MHZ_IBUF_inst/O
                         net (fo=1, routed)           1.862    13.250    CLK100MHZ_IBUF
    BUFGCTRL_X0Y0        BUFG (Prop_bufg_I_O)         0.091    13.341 r  CLK100MHZ_IBUF_BUFG_inst/O
                         net (fo=162, routed)         1.507    14.848    CLK100MHZ_IBUF_BUFG
    SLICE_X60Y19         FDRE                                         r  minute_reg[5]/C
                         clock pessimism              0.260    15.108    
                         clock uncertainty           -0.035    15.073    
    SLICE_X60Y19         FDRE (Setup_fdre_C_CE)      -0.371    14.702    minute_reg[5]
  -------------------------------------------------------------------
                         required time                         14.702    
                         arrival time                          -9.949    
  -------------------------------------------------------------------
                         slack                                  4.753    

Slack (MET) :             4.794ns  (required time - arrival time)
  Source:                 U_RX/o_Rx_Byte_reg[6]/C
                            (rising edge-triggered cell FDRE clocked by sys_clk_pin  {rise@0.000ns fall@5.000ns period=10.000ns})
  Destination:            FSM_onehot_idx_reg[1]/R
                            (rising edge-triggered cell FDRE clocked by sys_clk_pin  {rise@0.000ns fall@5.000ns period=10.000ns})
  Path Group:             sys_clk_pin
  Path Type:              Setup (Max at Slow Process Corner)
  Requirement:            10.000ns  (sys_clk_pin rise@10.000ns - sys_clk_pin rise@0.000ns)
  Data Path Delay:        4.570ns  (logic 1.176ns (25.735%)  route 3.394ns (74.265%))
  Logic Levels:           4  (LUT2=1 LUT3=2 LUT6=1)
  Clock Path Skew:        0.036ns (DCD - SCD + CPR)
    Destination Clock Delay (DCD):    4.848ns = ( 14.848 - 10.000 ) 
    Source Clock Delay      (SCD):    5.072ns
    Clock Pessimism Removal (CPR):    0.260ns
  Clock Uncertainty:      0.035ns  ((TSJ^2 + TIJ^2)^1/2 + DJ) / 2 + PE
    Total System Jitter     (TSJ):    0.071ns
    Total Input Jitter      (TIJ):    0.000ns
    Discrete Jitter          (DJ):    0.000ns
    Phase Error              (PE):    0.000ns

    Location             Delay type                Incr(ns)  Path(ns)    Netlist Resource(s)
  -------------------------------------------------------------------    -------------------
                         (clock sys_clk_pin rise edge)
                                                      0.000     0.000 r  
    W5                                                0.000     0.000 r  CLK100MHZ (IN)
                         net (fo=0)                   0.000     0.000    CLK100MHZ
    W5                   IBUF (Prop_ibuf_I_O)         1.458     1.458 r  CLK100MHZ_IBUF_inst/O
                         net (fo=1, routed)           1.967     3.425    CLK100MHZ_IBUF
    BUFGCTRL_X0Y0        BUFG (Prop_bufg_I_O)         0.096     3.521 r  CLK100MHZ_IBUF_BUFG_inst/O
                         net (fo=162, routed)         1.551     5.072    U_RX/CLK100MHZ_IBUF_BUFG
    SLICE_X53Y24         FDRE                                         r  U_RX/o_Rx_Byte_reg[6]/C
  -------------------------------------------------------------------    -------------------
    SLICE_X53Y24         FDRE (Prop_fdre_C_Q)         0.456     5.528 r  U_RX/o_Rx_Byte_reg[6]/Q
                         net (fo=3, routed)           0.596     6.124    U_RX/rx_byte[6]
    SLICE_X53Y22         LUT2 (Prop_lut2_I0_O)        0.124     6.248 r  U_RX/FSM_onehot_idx[4]_i_7/O
                         net (fo=1, routed)           0.422     6.670    U_RX/FSM_onehot_idx[4]_i_7_n_0
    SLICE_X55Y22         LUT6 (Prop_lut6_I5_O)        0.124     6.794 f  U_RX/FSM_onehot_idx[4]_i_6/O
                         net (fo=1, routed)           0.636     7.429    U_RX/FSM_onehot_idx[4]_i_6_n_0
    SLICE_X56Y22         LUT3 (Prop_lut3_I2_O)        0.116     7.545 f  U_RX/FSM_onehot_idx[4]_i_4/O
                         net (fo=7, routed)           1.199     8.745    U_RX/idx1
    SLICE_X58Y19         LUT3 (Prop_lut3_I2_O)        0.356     9.101 r  U_RX/FSM_onehot_idx[4]_i_1/O
                         net (fo=4, routed)           0.541     9.642    U_RX_n_15
    SLICE_X58Y20         FDRE                                         r  FSM_onehot_idx_reg[1]/R
  -------------------------------------------------------------------    -------------------

                         (clock sys_clk_pin rise edge)
                                                     10.000    10.000 r  
    W5                                                0.000    10.000 r  CLK100MHZ (IN)
                         net (fo=0)                   0.000    10.000    CLK100MHZ
    W5                   IBUF (Prop_ibuf_I_O)         1.388    11.388 r  CLK100MHZ_IBUF_inst/O
                         net (fo=1, routed)           1.862    13.250    CLK100MHZ_IBUF
    BUFGCTRL_X0Y0        BUFG (Prop_bufg_I_O)         0.091    13.341 r  CLK100MHZ_IBUF_BUFG_inst/O
                         net (fo=162, routed)         1.507    14.848    CLK100MHZ_IBUF_BUFG
    SLICE_X58Y20         FDRE                                         r  FSM_onehot_idx_reg[1]/C
                         clock pessimism              0.260    15.108    
                         clock uncertainty           -0.035    15.073    
    SLICE_X58Y20         FDRE (Setup_fdre_C_R)       -0.637    14.436    FSM_onehot_idx_reg[1]
  -------------------------------------------------------------------
                         required time                         14.436    
                         arrival time                          -9.642    
  -------------------------------------------------------------------
                         slack                                  4.794    

Slack (MET) :             4.794ns  (required time - arrival time)
  Source:                 U_RX/o_Rx_Byte_reg[6]/C
                            (rising edge-triggered cell FDRE clocked by sys_clk_pin  {rise@0.000ns fall@5.000ns period=10.000ns})
  Destination:            FSM_onehot_idx_reg[2]/R
                            (rising edge-triggered cell FDRE clocked by sys_clk_pin  {rise@0.000ns fall@5.000ns period=10.000ns})
  Path Group:             sys_clk_pin
  Path Type:              Setup (Max at Slow Process Corner)
  Requirement:            10.000ns  (sys_clk_pin rise@10.000ns - sys_clk_pin rise@0.000ns)
  Data Path Delay:        4.570ns  (logic 1.176ns (25.735%)  route 3.394ns (74.265%))
  Logic Levels:           4  (LUT2=1 LUT3=2 LUT6=1)
  Clock Path Skew:        0.036ns (DCD - SCD + CPR)
    Destination Clock Delay (DCD):    4.848ns = ( 14.848 - 10.000 ) 
    Source Clock Delay      (SCD):    5.072ns
    Clock Pessimism Removal (CPR):    0.260ns
  Clock Uncertainty:      0.035ns  ((TSJ^2 + TIJ^2)^1/2 + DJ) / 2 + PE
    Total System Jitter     (TSJ):    0.071ns
    Total Input Jitter      (TIJ):    0.000ns
    Discrete Jitter          (DJ):    0.000ns
    Phase Error              (PE):    0.000ns

    Location             Delay type                Incr(ns)  Path(ns)    Netlist Resource(s)
  -------------------------------------------------------------------    -------------------
                         (clock sys_clk_pin rise edge)
                                                      0.000     0.000 r  
    W5                                                0.000     0.000 r  CLK100MHZ (IN)
                         net (fo=0)                   0.000     0.000    CLK100MHZ
    W5                   IBUF (Prop_ibuf_I_O)         1.458     1.458 r  CLK100MHZ_IBUF_inst/O
                         net (fo=1, routed)           1.967     3.425    CLK100MHZ_IBUF
    BUFGCTRL_X0Y0        BUFG (Prop_bufg_I_O)         0.096     3.521 r  CLK100MHZ_IBUF_BUFG_inst/O
                         net (fo=162, routed)         1.551     5.072    U_RX/CLK100MHZ_IBUF_BUFG
    SLICE_X53Y24         FDRE                                         r  U_RX/o_Rx_Byte_reg[6]/C
  -------------------------------------------------------------------    -------------------
    SLICE_X53Y24         FDRE (Prop_fdre_C_Q)         0.456     5.528 r  U_RX/o_Rx_Byte_reg[6]/Q
                         net (fo=3, routed)           0.596     6.124    U_RX/rx_byte[6]
    SLICE_X53Y22         LUT2 (Prop_lut2_I0_O)        0.124     6.248 r  U_RX/FSM_onehot_idx[4]_i_7/O
                         net (fo=1, routed)           0.422     6.670    U_RX/FSM_onehot_idx[4]_i_7_n_0
    SLICE_X55Y22         LUT6 (Prop_lut6_I5_O)        0.124     6.794 f  U_RX/FSM_onehot_idx[4]_i_6/O
                         net (fo=1, routed)           0.636     7.429    U_RX/FSM_onehot_idx[4]_i_6_n_0
    SLICE_X56Y22         LUT3 (Prop_lut3_I2_O)        0.116     7.545 f  U_RX/FSM_onehot_idx[4]_i_4/O
                         net (fo=7, routed)           1.199     8.745    U_RX/idx1
    SLICE_X58Y19         LUT3 (Prop_lut3_I2_O)        0.356     9.101 r  U_RX/FSM_onehot_idx[4]_i_1/O
                         net (fo=4, routed)           0.541     9.642    U_RX_n_15
    SLICE_X58Y20         FDRE                                         r  FSM_onehot_idx_reg[2]/R
  -------------------------------------------------------------------    -------------------

                         (clock sys_clk_pin rise edge)
                                                     10.000    10.000 r  
    W5                                                0.000    10.000 r  CLK100MHZ (IN)
                         net (fo=0)                   0.000    10.000    CLK100MHZ
    W5                   IBUF (Prop_ibuf_I_O)         1.388    11.388 r  CLK100MHZ_IBUF_inst/O
                         net (fo=1, routed)           1.862    13.250    CLK100MHZ_IBUF
    BUFGCTRL_X0Y0        BUFG (Prop_bufg_I_O)         0.091    13.341 r  CLK100MHZ_IBUF_BUFG_inst/O
                         net (fo=162, routed)         1.507    14.848    CLK100MHZ_IBUF_BUFG
    SLICE_X58Y20         FDRE                                         r  FSM_onehot_idx_reg[2]/C
                         clock pessimism              0.260    15.108    
                         clock uncertainty           -0.035    15.073    
    SLICE_X58Y20         FDRE (Setup_fdre_C_R)       -0.637    14.436    FSM_onehot_idx_reg[2]
  -------------------------------------------------------------------
                         required time                         14.436    
                         arrival time                          -9.642    
  -------------------------------------------------------------------
                         slack                                  4.794    

Slack (MET) :             4.794ns  (required time - arrival time)
  Source:                 U_RX/o_Rx_Byte_reg[6]/C
                            (rising edge-triggered cell FDRE clocked by sys_clk_pin  {rise@0.000ns fall@5.000ns period=10.000ns})
  Destination:            FSM_onehot_idx_reg[3]/R
                            (rising edge-triggered cell FDRE clocked by sys_clk_pin  {rise@0.000ns fall@5.000ns period=10.000ns})
  Path Group:             sys_clk_pin
  Path Type:              Setup (Max at Slow Process Corner)
  Requirement:            10.000ns  (sys_clk_pin rise@10.000ns - sys_clk_pin rise@0.000ns)
  Data Path Delay:        4.570ns  (logic 1.176ns (25.735%)  route 3.394ns (74.265%))
  Logic Levels:           4  (LUT2=1 LUT3=2 LUT6=1)
  Clock Path Skew:        0.036ns (DCD - SCD + CPR)
    Destination Clock Delay (DCD):    4.848ns = ( 14.848 - 10.000 ) 
    Source Clock Delay      (SCD):    5.072ns
    Clock Pessimism Removal (CPR):    0.260ns
  Clock Uncertainty:      0.035ns  ((TSJ^2 + TIJ^2)^1/2 + DJ) / 2 + PE
    Total System Jitter     (TSJ):    0.071ns
    Total Input Jitter      (TIJ):    0.000ns
    Discrete Jitter          (DJ):    0.000ns
    Phase Error              (PE):    0.000ns

    Location             Delay type                Incr(ns)  Path(ns)    Netlist Resource(s)
  -------------------------------------------------------------------    -------------------
                         (clock sys_clk_pin rise edge)
                                                      0.000     0.000 r  
    W5                                                0.000     0.000 r  CLK100MHZ (IN)
                         net (fo=0)                   0.000     0.000    CLK100MHZ
    W5                   IBUF (Prop_ibuf_I_O)         1.458     1.458 r  CLK100MHZ_IBUF_inst/O
                         net (fo=1, routed)           1.967     3.425    CLK100MHZ_IBUF
    BUFGCTRL_X0Y0        BUFG (Prop_bufg_I_O)         0.096     3.521 r  CLK100MHZ_IBUF_BUFG_inst/O
                         net (fo=162, routed)         1.551     5.072    U_RX/CLK100MHZ_IBUF_BUFG
    SLICE_X53Y24         FDRE                                         r  U_RX/o_Rx_Byte_reg[6]/C
  -------------------------------------------------------------------    -------------------
    SLICE_X53Y24         FDRE (Prop_fdre_C_Q)         0.456     5.528 r  U_RX/o_Rx_Byte_reg[6]/Q
                         net (fo=3, routed)           0.596     6.124    U_RX/rx_byte[6]
    SLICE_X53Y22         LUT2 (Prop_lut2_I0_O)        0.124     6.248 r  U_RX/FSM_onehot_idx[4]_i_7/O
                         net (fo=1, routed)           0.422     6.670    U_RX/FSM_onehot_idx[4]_i_7_n_0
    SLICE_X55Y22         LUT6 (Prop_lut6_I5_O)        0.124     6.794 f  U_RX/FSM_onehot_idx[4]_i_6/O
                         net (fo=1, routed)           0.636     7.429    U_RX/FSM_onehot_idx[4]_i_6_n_0
    SLICE_X56Y22         LUT3 (Prop_lut3_I2_O)        0.116     7.545 f  U_RX/FSM_onehot_idx[4]_i_4/O
                         net (fo=7, routed)           1.199     8.745    U_RX/idx1
    SLICE_X58Y19         LUT3 (Prop_lut3_I2_O)        0.356     9.101 r  U_RX/FSM_onehot_idx[4]_i_1/O
                         net (fo=4, routed)           0.541     9.642    U_RX_n_15
    SLICE_X58Y20         FDRE                                         r  FSM_onehot_idx_reg[3]/R
  -------------------------------------------------------------------    -------------------

                         (clock sys_clk_pin rise edge)
                                                     10.000    10.000 r  
    W5                                                0.000    10.000 r  CLK100MHZ (IN)
                         net (fo=0)                   0.000    10.000    CLK100MHZ
    W5                   IBUF (Prop_ibuf_I_O)         1.388    11.388 r  CLK100MHZ_IBUF_inst/O
                         net (fo=1, routed)           1.862    13.250    CLK100MHZ_IBUF
    BUFGCTRL_X0Y0        BUFG (Prop_bufg_I_O)         0.091    13.341 r  CLK100MHZ_IBUF_BUFG_inst/O
                         net (fo=162, routed)         1.507    14.848    CLK100MHZ_IBUF_BUFG
    SLICE_X58Y20         FDRE                                         r  FSM_onehot_idx_reg[3]/C
                         clock pessimism              0.260    15.108    
                         clock uncertainty           -0.035    15.073    
    SLICE_X58Y20         FDRE (Setup_fdre_C_R)       -0.637    14.436    FSM_onehot_idx_reg[3]
  -------------------------------------------------------------------
                         required time                         14.436    
                         arrival time                          -9.642    
  -------------------------------------------------------------------
                         slack                                  4.794    

Slack (MET) :             4.794ns  (required time - arrival time)
  Source:                 U_RX/o_Rx_Byte_reg[6]/C
                            (rising edge-triggered cell FDRE clocked by sys_clk_pin  {rise@0.000ns fall@5.000ns period=10.000ns})
  Destination:            FSM_onehot_idx_reg[4]/R
                            (rising edge-triggered cell FDRE clocked by sys_clk_pin  {rise@0.000ns fall@5.000ns period=10.000ns})
  Path Group:             sys_clk_pin
  Path Type:              Setup (Max at Slow Process Corner)
  Requirement:            10.000ns  (sys_clk_pin rise@10.000ns - sys_clk_pin rise@0.000ns)
  Data Path Delay:        4.570ns  (logic 1.176ns (25.735%)  route 3.394ns (74.265%))
  Logic Levels:           4  (LUT2=1 LUT3=2 LUT6=1)
  Clock Path Skew:        0.036ns (DCD - SCD + CPR)
    Destination Clock Delay (DCD):    4.848ns = ( 14.848 - 10.000 ) 
    Source Clock Delay      (SCD):    5.072ns
    Clock Pessimism Removal (CPR):    0.260ns
  Clock Uncertainty:      0.035ns  ((TSJ^2 + TIJ^2)^1/2 + DJ) / 2 + PE
    Total System Jitter     (TSJ):    0.071ns
    Total Input Jitter      (TIJ):    0.000ns
    Discrete Jitter          (DJ):    0.000ns
    Phase Error              (PE):    0.000ns

    Location             Delay type                Incr(ns)  Path(ns)    Netlist Resource(s)
  -------------------------------------------------------------------    -------------------
                         (clock sys_clk_pin rise edge)
                                                      0.000     0.000 r  
    W5                                                0.000     0.000 r  CLK100MHZ (IN)
                         net (fo=0)                   0.000     0.000    CLK100MHZ
    W5                   IBUF (Prop_ibuf_I_O)         1.458     1.458 r  CLK100MHZ_IBUF_inst/O
                         net (fo=1, routed)           1.967     3.425    CLK100MHZ_IBUF
    BUFGCTRL_X0Y0        BUFG (Prop_bufg_I_O)         0.096     3.521 r  CLK100MHZ_IBUF_BUFG_inst/O
                         net (fo=162, routed)         1.551     5.072    U_RX/CLK100MHZ_IBUF_BUFG
    SLICE_X53Y24         FDRE                                         r  U_RX/o_Rx_Byte_reg[6]/C
  -------------------------------------------------------------------    -------------------
    SLICE_X53Y24         FDRE (Prop_fdre_C_Q)         0.456     5.528 r  U_RX/o_Rx_Byte_reg[6]/Q
                         net (fo=3, routed)           0.596     6.124    U_RX/rx_byte[6]
    SLICE_X53Y22         LUT2 (Prop_lut2_I0_O)        0.124     6.248 r  U_RX/FSM_onehot_idx[4]_i_7/O
                         net (fo=1, routed)           0.422     6.670    U_RX/FSM_onehot_idx[4]_i_7_n_0
    SLICE_X55Y22         LUT6 (Prop_lut6_I5_O)        0.124     6.794 f  U_RX/FSM_onehot_idx[4]_i_6/O
                         net (fo=1, routed)           0.636     7.429    U_RX/FSM_onehot_idx[4]_i_6_n_0
    SLICE_X56Y22         LUT3 (Prop_lut3_I2_O)        0.116     7.545 f  U_RX/FSM_onehot_idx[4]_i_4/O
                         net (fo=7, routed)           1.199     8.745    U_RX/idx1
    SLICE_X58Y19         LUT3 (Prop_lut3_I2_O)        0.356     9.101 r  U_RX/FSM_onehot_idx[4]_i_1/O
                         net (fo=4, routed)           0.541     9.642    U_RX_n_15
    SLICE_X58Y20         FDRE                                         r  FSM_onehot_idx_reg[4]/R
  -------------------------------------------------------------------    -------------------

                         (clock sys_clk_pin rise edge)
                                                     10.000    10.000 r  
    W5                                                0.000    10.000 r  CLK100MHZ (IN)
                         net (fo=0)                   0.000    10.000    CLK100MHZ
    W5                   IBUF (Prop_ibuf_I_O)         1.388    11.388 r  CLK100MHZ_IBUF_inst/O
                         net (fo=1, routed)           1.862    13.250    CLK100MHZ_IBUF
    BUFGCTRL_X0Y0        BUFG (Prop_bufg_I_O)         0.091    13.341 r  CLK100MHZ_IBUF_BUFG_inst/O
                         net (fo=162, routed)         1.507    14.848    CLK100MHZ_IBUF_BUFG
    SLICE_X58Y20         FDRE                                         r  FSM_onehot_idx_reg[4]/C
                         clock pessimism              0.260    15.108    
                         clock uncertainty           -0.035    15.073    
    SLICE_X58Y20         FDRE (Setup_fdre_C_R)       -0.637    14.436    FSM_onehot_idx_reg[4]
  -------------------------------------------------------------------
                         required time                         14.436    
                         arrival time                          -9.642    
  -------------------------------------------------------------------
                         slack                                  4.794    

Slack (MET) :             4.882ns  (required time - arrival time)
  Source:                 U_TX/r_Clk_Count_reg[11]/C
                            (rising edge-triggered cell FDRE clocked by sys_clk_pin  {rise@0.000ns fall@5.000ns period=10.000ns})
  Destination:            U_TX/r_Clk_Count_reg[13]/R
                            (rising edge-triggered cell FDRE clocked by sys_clk_pin  {rise@0.000ns fall@5.000ns period=10.000ns})
  Path Group:             sys_clk_pin
  Path Type:              Setup (Max at Slow Process Corner)
  Requirement:            10.000ns  (sys_clk_pin rise@10.000ns - sys_clk_pin rise@0.000ns)
  Data Path Delay:        4.336ns  (logic 1.244ns (28.687%)  route 3.092ns (71.313%))
  Logic Levels:           4  (LUT4=2 LUT5=1 LUT6=1)
  Clock Path Skew:        -0.020ns (DCD - SCD + CPR)
    Destination Clock Delay (DCD):    4.779ns = ( 14.779 - 10.000 ) 
    Source Clock Delay      (SCD):    5.072ns
    Clock Pessimism Removal (CPR):    0.273ns
  Clock Uncertainty:      0.035ns  ((TSJ^2 + TIJ^2)^1/2 + DJ) / 2 + PE
    Total System Jitter     (TSJ):    0.071ns
    Total Input Jitter      (TIJ):    0.000ns
    Discrete Jitter          (DJ):    0.000ns
    Phase Error              (PE):    0.000ns

    Location             Delay type                Incr(ns)  Path(ns)    Netlist Resource(s)
  -------------------------------------------------------------------    -------------------
                         (clock sys_clk_pin rise edge)
                                                      0.000     0.000 r  
    W5                                                0.000     0.000 r  CLK100MHZ (IN)
                         net (fo=0)                   0.000     0.000    CLK100MHZ
    W5                   IBUF (Prop_ibuf_I_O)         1.458     1.458 r  CLK100MHZ_IBUF_inst/O
                         net (fo=1, routed)           1.967     3.425    CLK100MHZ_IBUF
    BUFGCTRL_X0Y0        BUFG (Prop_bufg_I_O)         0.096     3.521 r  CLK100MHZ_IBUF_BUFG_inst/O
                         net (fo=162, routed)         1.551     5.072    U_TX/CLK100MHZ_IBUF_BUFG
    SLICE_X56Y25         FDRE                                         r  U_TX/r_Clk_Count_reg[11]/C
  -------------------------------------------------------------------    -------------------
    SLICE_X56Y25         FDRE (Prop_fdre_C_Q)         0.518     5.590 f  U_TX/r_Clk_Count_reg[11]/Q
                         net (fo=2, routed)           1.105     6.695    U_TX/r_Clk_Count_reg_n_0_[11]
    SLICE_X57Y25         LUT4 (Prop_lut4_I1_O)        0.152     6.847 f  U_TX/FSM_sequential_r_State[2]_inv_i_5/O
                         net (fo=2, routed)           0.417     7.264    U_TX/FSM_sequential_r_State[2]_inv_i_5_n_0
    SLICE_X57Y25         LUT5 (Prop_lut5_I4_O)        0.332     7.596 f  U_TX/FSM_sequential_r_State[2]_inv_i_4/O
                         net (fo=1, routed)           0.429     8.024    U_TX/FSM_sequential_r_State[2]_inv_i_4_n_0
    SLICE_X57Y24         LUT6 (Prop_lut6_I5_O)        0.124     8.148 r  U_TX/FSM_sequential_r_State[2]_inv_i_2/O
                         net (fo=5, routed)           0.435     8.583    U_TX/FSM_sequential_r_State[2]_inv_i_2_n_0
    SLICE_X55Y23         LUT4 (Prop_lut4_I0_O)        0.118     8.701 r  U_TX/r_Clk_Count[15]_i_1/O
                         net (fo=16, routed)          0.708     9.409    U_TX/r_Clk_Count[15]_i_1_n_0
    SLICE_X56Y26         FDRE                                         r  U_TX/r_Clk_Count_reg[13]/R
  -------------------------------------------------------------------    -------------------

                         (clock sys_clk_pin rise edge)
                                                     10.000    10.000 r  
    W5                                                0.000    10.000 r  CLK100MHZ (IN)
                         net (fo=0)                   0.000    10.000    CLK100MHZ
    W5                   IBUF (Prop_ibuf_I_O)         1.388    11.388 r  CLK100MHZ_IBUF_inst/O
                         net (fo=1, routed)           1.862    13.250    CLK100MHZ_IBUF
    BUFGCTRL_X0Y0        BUFG (Prop_bufg_I_O)         0.091    13.341 r  CLK100MHZ_IBUF_BUFG_inst/O
                         net (fo=162, routed)         1.438    14.779    U_TX/CLK100MHZ_IBUF_BUFG
    SLICE_X56Y26         FDRE                                         r  U_TX/r_Clk_Count_reg[13]/C
                         clock pessimism              0.273    15.052    
                         clock uncertainty           -0.035    15.017    
    SLICE_X56Y26         FDRE (Setup_fdre_C_R)       -0.726    14.291    U_TX/r_Clk_Count_reg[13]
  -------------------------------------------------------------------
                         required time                         14.291    
                         arrival time                          -9.409    
  -------------------------------------------------------------------
                         slack                                  4.882    





Min Delay Paths
--------------------------------------------------------------------------------------
Slack (MET) :             0.179ns  (arrival time - required time)
  Source:                 tx_byte_reg[0]/C
                            (rising edge-triggered cell FDRE clocked by sys_clk_pin  {rise@0.000ns fall@5.000ns period=10.000ns})
  Destination:            U_TX/r_Tx_Data_reg[0]/D
                            (rising edge-triggered cell FDRE clocked by sys_clk_pin  {rise@0.000ns fall@5.000ns period=10.000ns})
  Path Group:             sys_clk_pin
  Path Type:              Hold (Min at Fast Process Corner)
  Requirement:            0.000ns  (sys_clk_pin rise@0.000ns - sys_clk_pin rise@0.000ns)
  Data Path Delay:        0.279ns  (logic 0.164ns (58.746%)  route 0.115ns (41.254%))
  Logic Levels:           0  
  Clock Path Skew:        0.030ns (DCD - SCD - CPR)
    Destination Clock Delay (DCD):    1.949ns
    Source Clock Delay      (SCD):    1.441ns
    Clock Pessimism Removal (CPR):    0.478ns

    Location             Delay type                Incr(ns)  Path(ns)    Netlist Resource(s)
  -------------------------------------------------------------------    -------------------
                         (clock sys_clk_pin rise edge)
                                                      0.000     0.000 r  
    W5                                                0.000     0.000 r  CLK100MHZ (IN)
                         net (fo=0)                   0.000     0.000    CLK100MHZ
    W5                   IBUF (Prop_ibuf_I_O)         0.226     0.226 r  CLK100MHZ_IBUF_inst/O
                         net (fo=1, routed)           0.631     0.858    CLK100MHZ_IBUF
    BUFGCTRL_X0Y0        BUFG (Prop_bufg_I_O)         0.026     0.884 r  CLK100MHZ_IBUF_BUFG_inst/O
                         net (fo=162, routed)         0.558     1.441    CLK100MHZ_IBUF_BUFG
    SLICE_X56Y22         FDRE                                         r  tx_byte_reg[0]/C
  -------------------------------------------------------------------    -------------------
    SLICE_X56Y22         FDRE (Prop_fdre_C_Q)         0.164     1.605 r  tx_byte_reg[0]/Q
                         net (fo=1, routed)           0.115     1.720    U_TX/Q[0]
    SLICE_X55Y23         FDRE                                         r  U_TX/r_Tx_Data_reg[0]/D
  -------------------------------------------------------------------    -------------------

                         (clock sys_clk_pin rise edge)
                                                      0.000     0.000 r  
    W5                                                0.000     0.000 r  CLK100MHZ (IN)
                         net (fo=0)                   0.000     0.000    CLK100MHZ
    W5                   IBUF (Prop_ibuf_I_O)         0.414     0.414 r  CLK100MHZ_IBUF_inst/O
                         net (fo=1, routed)           0.685     1.099    CLK100MHZ_IBUF
    BUFGCTRL_X0Y0        BUFG (Prop_bufg_I_O)         0.029     1.128 r  CLK100MHZ_IBUF_BUFG_inst/O
                         net (fo=162, routed)         0.822     1.949    U_TX/CLK100MHZ_IBUF_BUFG
    SLICE_X55Y23         FDRE                                         r  U_TX/r_Tx_Data_reg[0]/C
                         clock pessimism             -0.478     1.471    
    SLICE_X55Y23         FDRE (Hold_fdre_C_D)         0.070     1.541    U_TX/r_Tx_Data_reg[0]
  -------------------------------------------------------------------
                         required time                         -1.541    
                         arrival time                           1.720    
  -------------------------------------------------------------------
                         slack                                  0.179    

Slack (MET) :             0.179ns  (arrival time - required time)
  Source:                 d1_h_reg[1]/C
                            (rising edge-triggered cell FDRE clocked by sys_clk_pin  {rise@0.000ns fall@5.000ns period=10.000ns})
  Destination:            hour_reg[1]/D
                            (rising edge-triggered cell FDRE clocked by sys_clk_pin  {rise@0.000ns fall@5.000ns period=10.000ns})
  Path Group:             sys_clk_pin
  Path Type:              Hold (Min at Fast Process Corner)
  Requirement:            0.000ns  (sys_clk_pin rise@0.000ns - sys_clk_pin rise@0.000ns)
  Data Path Delay:        0.315ns  (logic 0.186ns (58.983%)  route 0.129ns (41.017%))
  Logic Levels:           1  (LUT6=1)
  Clock Path Skew:        0.015ns (DCD - SCD - CPR)
    Destination Clock Delay (DCD):    1.980ns
    Source Clock Delay      (SCD):    1.467ns
    Clock Pessimism Removal (CPR):    0.498ns

    Location             Delay type                Incr(ns)  Path(ns)    Netlist Resource(s)
  -------------------------------------------------------------------    -------------------
                         (clock sys_clk_pin rise edge)
                                                      0.000     0.000 r  
    W5                                                0.000     0.000 r  CLK100MHZ (IN)
                         net (fo=0)                   0.000     0.000    CLK100MHZ
    W5                   IBUF (Prop_ibuf_I_O)         0.226     0.226 r  CLK100MHZ_IBUF_inst/O
                         net (fo=1, routed)           0.631     0.858    CLK100MHZ_IBUF
    BUFGCTRL_X0Y0        BUFG (Prop_bufg_I_O)         0.026     0.884 r  CLK100MHZ_IBUF_BUFG_inst/O
                         net (fo=162, routed)         0.584     1.467    CLK100MHZ_IBUF_BUFG
    SLICE_X61Y21         FDRE                                         r  d1_h_reg[1]/C
  -------------------------------------------------------------------    -------------------
    SLICE_X61Y21         FDRE (Prop_fdre_C_Q)         0.141     1.608 r  d1_h_reg[1]/Q
                         net (fo=4, routed)           0.129     1.737    d1_h__0[1]
    SLICE_X60Y20         LUT6 (Prop_lut6_I0_O)        0.045     1.782 r  hour[1]_i_1/O
                         net (fo=1, routed)           0.000     1.782    hour[1]_i_1_n_0
    SLICE_X60Y20         FDRE                                         r  hour_reg[1]/D
  -------------------------------------------------------------------    -------------------

                         (clock sys_clk_pin rise edge)
                                                      0.000     0.000 r  
    W5                                                0.000     0.000 r  CLK100MHZ (IN)
                         net (fo=0)                   0.000     0.000    CLK100MHZ
    W5                   IBUF (Prop_ibuf_I_O)         0.414     0.414 r  CLK100MHZ_IBUF_inst/O
                         net (fo=1, routed)           0.685     1.099    CLK100MHZ_IBUF
    BUFGCTRL_X0Y0        BUFG (Prop_bufg_I_O)         0.029     1.128 r  CLK100MHZ_IBUF_BUFG_inst/O
                         net (fo=162, routed)         0.853     1.980    CLK100MHZ_IBUF_BUFG
    SLICE_X60Y20         FDRE                                         r  hour_reg[1]/C
                         clock pessimism             -0.498     1.482    
    SLICE_X60Y20         FDRE (Hold_fdre_C_D)         0.121     1.603    hour_reg[1]
  -------------------------------------------------------------------
                         required time                         -1.603    
                         arrival time                           1.782    
  -------------------------------------------------------------------
                         slack                                  0.179    

Slack (MET) :             0.180ns  (arrival time - required time)
  Source:                 second_reg[4]/C
                            (rising edge-triggered cell FDRE clocked by sys_clk_pin  {rise@0.000ns fall@5.000ns period=10.000ns})
  Destination:            second_reg[5]/D
                            (rising edge-triggered cell FDRE clocked by sys_clk_pin  {rise@0.000ns fall@5.000ns period=10.000ns})
  Path Group:             sys_clk_pin
  Path Type:              Hold (Min at Fast Process Corner)
  Requirement:            0.000ns  (sys_clk_pin rise@0.000ns - sys_clk_pin rise@0.000ns)
  Data Path Delay:        0.284ns  (logic 0.186ns (65.455%)  route 0.098ns (34.545%))
  Logic Levels:           1  (LUT6=1)
  Clock Path Skew:        0.013ns (DCD - SCD - CPR)
    Destination Clock Delay (DCD):    1.976ns
    Source Clock Delay      (SCD):    1.465ns
    Clock Pessimism Removal (CPR):    0.498ns

    Location             Delay type                Incr(ns)  Path(ns)    Netlist Resource(s)
  -------------------------------------------------------------------    -------------------
                         (clock sys_clk_pin rise edge)
                                                      0.000     0.000 r  
    W5                                                0.000     0.000 r  CLK100MHZ (IN)
                         net (fo=0)                   0.000     0.000    CLK100MHZ
    W5                   IBUF (Prop_ibuf_I_O)         0.226     0.226 r  CLK100MHZ_IBUF_inst/O
                         net (fo=1, routed)           0.631     0.858    CLK100MHZ_IBUF
    BUFGCTRL_X0Y0        BUFG (Prop_bufg_I_O)         0.026     0.884 r  CLK100MHZ_IBUF_BUFG_inst/O
                         net (fo=162, routed)         0.582     1.465    CLK100MHZ_IBUF_BUFG
    SLICE_X58Y23         FDRE                                         r  second_reg[4]/C
  -------------------------------------------------------------------    -------------------
    SLICE_X58Y23         FDRE (Prop_fdre_C_Q)         0.141     1.606 r  second_reg[4]/Q
                         net (fo=5, routed)           0.098     1.704    second_reg_n_0_[4]
    SLICE_X59Y23         LUT6 (Prop_lut6_I4_O)        0.045     1.749 r  second[5]_i_3/O
                         net (fo=1, routed)           0.000     1.749    second[5]
    SLICE_X59Y23         FDRE                                         r  second_reg[5]/D
  -------------------------------------------------------------------    -------------------

                         (clock sys_clk_pin rise edge)
                                                      0.000     0.000 r  
    W5                                                0.000     0.000 r  CLK100MHZ (IN)
                         net (fo=0)                   0.000     0.000    CLK100MHZ
    W5                   IBUF (Prop_ibuf_I_O)         0.414     0.414 r  CLK100MHZ_IBUF_inst/O
                         net (fo=1, routed)           0.685     1.099    CLK100MHZ_IBUF
    BUFGCTRL_X0Y0        BUFG (Prop_bufg_I_O)         0.029     1.128 r  CLK100MHZ_IBUF_BUFG_inst/O
                         net (fo=162, routed)         0.849     1.976    CLK100MHZ_IBUF_BUFG
    SLICE_X59Y23         FDRE                                         r  second_reg[5]/C
                         clock pessimism             -0.498     1.478    
    SLICE_X59Y23         FDRE (Hold_fdre_C_D)         0.091     1.569    second_reg[5]
  -------------------------------------------------------------------
                         required time                         -1.569    
                         arrival time                           1.749    
  -------------------------------------------------------------------
                         slack                                  0.180    

Slack (MET) :             0.181ns  (arrival time - required time)
  Source:                 tx_byte_reg[2]/C
                            (rising edge-triggered cell FDRE clocked by sys_clk_pin  {rise@0.000ns fall@5.000ns period=10.000ns})
  Destination:            U_TX/r_Tx_Data_reg[2]/D
                            (rising edge-triggered cell FDRE clocked by sys_clk_pin  {rise@0.000ns fall@5.000ns period=10.000ns})
  Path Group:             sys_clk_pin
  Path Type:              Hold (Min at Fast Process Corner)
  Requirement:            0.000ns  (sys_clk_pin rise@0.000ns - sys_clk_pin rise@0.000ns)
  Data Path Delay:        0.281ns  (logic 0.164ns (58.328%)  route 0.117ns (41.672%))
  Logic Levels:           0  
  Clock Path Skew:        0.030ns (DCD - SCD - CPR)
    Destination Clock Delay (DCD):    1.949ns
    Source Clock Delay      (SCD):    1.441ns
    Clock Pessimism Removal (CPR):    0.478ns

    Location             Delay type                Incr(ns)  Path(ns)    Netlist Resource(s)
  -------------------------------------------------------------------    -------------------
                         (clock sys_clk_pin rise edge)
                                                      0.000     0.000 r  
    W5                                                0.000     0.000 r  CLK100MHZ (IN)
                         net (fo=0)                   0.000     0.000    CLK100MHZ
    W5                   IBUF (Prop_ibuf_I_O)         0.226     0.226 r  CLK100MHZ_IBUF_inst/O
                         net (fo=1, routed)           0.631     0.858    CLK100MHZ_IBUF
    BUFGCTRL_X0Y0        BUFG (Prop_bufg_I_O)         0.026     0.884 r  CLK100MHZ_IBUF_BUFG_inst/O
                         net (fo=162, routed)         0.558     1.441    CLK100MHZ_IBUF_BUFG
    SLICE_X56Y22         FDRE                                         r  tx_byte_reg[2]/C
  -------------------------------------------------------------------    -------------------
    SLICE_X56Y22         FDRE (Prop_fdre_C_Q)         0.164     1.605 r  tx_byte_reg[2]/Q
                         net (fo=1, routed)           0.117     1.722    U_TX/Q[2]
    SLICE_X55Y23         FDRE                                         r  U_TX/r_Tx_Data_reg[2]/D
  -------------------------------------------------------------------    -------------------

                         (clock sys_clk_pin rise edge)
                                                      0.000     0.000 r  
    W5                                                0.000     0.000 r  CLK100MHZ (IN)
                         net (fo=0)                   0.000     0.000    CLK100MHZ
    W5                   IBUF (Prop_ibuf_I_O)         0.414     0.414 r  CLK100MHZ_IBUF_inst/O
                         net (fo=1, routed)           0.685     1.099    CLK100MHZ_IBUF
    BUFGCTRL_X0Y0        BUFG (Prop_bufg_I_O)         0.029     1.128 r  CLK100MHZ_IBUF_BUFG_inst/O
                         net (fo=162, routed)         0.822     1.949    U_TX/CLK100MHZ_IBUF_BUFG
    SLICE_X55Y23         FDRE                                         r  U_TX/r_Tx_Data_reg[2]/C
                         clock pessimism             -0.478     1.471    
    SLICE_X55Y23         FDRE (Hold_fdre_C_D)         0.070     1.541    U_TX/r_Tx_Data_reg[2]
  -------------------------------------------------------------------
                         required time                         -1.541    
                         arrival time                           1.722    
  -------------------------------------------------------------------
                         slack                                  0.181    

Slack (MET) :             0.189ns  (arrival time - required time)
  Source:                 in_set_reg/C
                            (rising edge-triggered cell FDRE clocked by sys_clk_pin  {rise@0.000ns fall@5.000ns period=10.000ns})
  Destination:            hour_reg[0]/D
                            (rising edge-triggered cell FDRE clocked by sys_clk_pin  {rise@0.000ns fall@5.000ns period=10.000ns})
  Path Group:             sys_clk_pin
  Path Type:              Hold (Min at Fast Process Corner)
  Requirement:            0.000ns  (sys_clk_pin rise@0.000ns - sys_clk_pin rise@0.000ns)
  Data Path Delay:        0.323ns  (logic 0.186ns (57.638%)  route 0.137ns (42.362%))
  Logic Levels:           1  (LUT5=1)
  Clock Path Skew:        0.013ns (DCD - SCD - CPR)
    Destination Clock Delay (DCD):    1.980ns
    Source Clock Delay      (SCD):    1.469ns
    Clock Pessimism Removal (CPR):    0.498ns

    Location             Delay type                Incr(ns)  Path(ns)    Netlist Resource(s)
  -------------------------------------------------------------------    -------------------
                         (clock sys_clk_pin rise edge)
                                                      0.000     0.000 r  
    W5                                                0.000     0.000 r  CLK100MHZ (IN)
                         net (fo=0)                   0.000     0.000    CLK100MHZ
    W5                   IBUF (Prop_ibuf_I_O)         0.226     0.226 r  CLK100MHZ_IBUF_inst/O
                         net (fo=1, routed)           0.631     0.858    CLK100MHZ_IBUF
    BUFGCTRL_X0Y0        BUFG (Prop_bufg_I_O)         0.026     0.884 r  CLK100MHZ_IBUF_BUFG_inst/O
                         net (fo=162, routed)         0.586     1.469    CLK100MHZ_IBUF_BUFG
    SLICE_X58Y19         FDRE                                         r  in_set_reg/C
  -------------------------------------------------------------------    -------------------
    SLICE_X58Y19         FDRE (Prop_fdre_C_Q)         0.141     1.610 r  in_set_reg/Q
                         net (fo=9, routed)           0.137     1.747    in_set
    SLICE_X60Y20         LUT5 (Prop_lut5_I0_O)        0.045     1.792 r  hour[0]_i_1/O
                         net (fo=1, routed)           0.000     1.792    hour[0]_i_1_n_0
    SLICE_X60Y20         FDRE                                         r  hour_reg[0]/D
  -------------------------------------------------------------------    -------------------

                         (clock sys_clk_pin rise edge)
                                                      0.000     0.000 r  
    W5                                                0.000     0.000 r  CLK100MHZ (IN)
                         net (fo=0)                   0.000     0.000    CLK100MHZ
    W5                   IBUF (Prop_ibuf_I_O)         0.414     0.414 r  CLK100MHZ_IBUF_inst/O
                         net (fo=1, routed)           0.685     1.099    CLK100MHZ_IBUF
    BUFGCTRL_X0Y0        BUFG (Prop_bufg_I_O)         0.029     1.128 r  CLK100MHZ_IBUF_BUFG_inst/O
                         net (fo=162, routed)         0.853     1.980    CLK100MHZ_IBUF_BUFG
    SLICE_X60Y20         FDRE                                         r  hour_reg[0]/C
                         clock pessimism             -0.498     1.482    
    SLICE_X60Y20         FDRE (Hold_fdre_C_D)         0.121     1.603    hour_reg[0]
  -------------------------------------------------------------------
                         required time                         -1.603    
                         arrival time                           1.792    
  -------------------------------------------------------------------
                         slack                                  0.189    

Slack (MET) :             0.190ns  (arrival time - required time)
  Source:                 U_RX/o_Rx_Byte_reg[4]/C
                            (rising edge-triggered cell FDRE clocked by sys_clk_pin  {rise@0.000ns fall@5.000ns period=10.000ns})
  Destination:            tx_byte_reg[4]/D
                            (rising edge-triggered cell FDRE clocked by sys_clk_pin  {rise@0.000ns fall@5.000ns period=10.000ns})
  Path Group:             sys_clk_pin
  Path Type:              Hold (Min at Fast Process Corner)
  Requirement:            0.000ns  (sys_clk_pin rise@0.000ns - sys_clk_pin rise@0.000ns)
  Data Path Delay:        0.274ns  (logic 0.141ns (51.414%)  route 0.133ns (48.586%))
  Logic Levels:           0  
  Clock Path Skew:        0.014ns (DCD - SCD - CPR)
    Destination Clock Delay (DCD):    1.949ns
    Source Clock Delay      (SCD):    1.436ns
    Clock Pessimism Removal (CPR):    0.499ns

    Location             Delay type                Incr(ns)  Path(ns)    Netlist Resource(s)
  -------------------------------------------------------------------    -------------------
                         (clock sys_clk_pin rise edge)
                                                      0.000     0.000 r  
    W5                                                0.000     0.000 r  CLK100MHZ (IN)
                         net (fo=0)                   0.000     0.000    CLK100MHZ
    W5                   IBUF (Prop_ibuf_I_O)         0.226     0.226 r  CLK100MHZ_IBUF_inst/O
                         net (fo=1, routed)           0.631     0.858    CLK100MHZ_IBUF
    BUFGCTRL_X0Y0        BUFG (Prop_bufg_I_O)         0.026     0.884 r  CLK100MHZ_IBUF_BUFG_inst/O
                         net (fo=162, routed)         0.553     1.436    U_RX/CLK100MHZ_IBUF_BUFG
    SLICE_X53Y24         FDRE                                         r  U_RX/o_Rx_Byte_reg[4]/C
  -------------------------------------------------------------------    -------------------
    SLICE_X53Y24         FDRE (Prop_fdre_C_Q)         0.141     1.577 r  U_RX/o_Rx_Byte_reg[4]/Q
                         net (fo=3, routed)           0.133     1.710    rx_byte[4]
    SLICE_X53Y23         FDRE                                         r  tx_byte_reg[4]/D
  -------------------------------------------------------------------    -------------------

                         (clock sys_clk_pin rise edge)
                                                      0.000     0.000 r  
    W5                                                0.000     0.000 r  CLK100MHZ (IN)
                         net (fo=0)                   0.000     0.000    CLK100MHZ
    W5                   IBUF (Prop_ibuf_I_O)         0.414     0.414 r  CLK100MHZ_IBUF_inst/O
                         net (fo=1, routed)           0.685     1.099    CLK100MHZ_IBUF
    BUFGCTRL_X0Y0        BUFG (Prop_bufg_I_O)         0.029     1.128 r  CLK100MHZ_IBUF_BUFG_inst/O
                         net (fo=162, routed)         0.822     1.949    CLK100MHZ_IBUF_BUFG
    SLICE_X53Y23         FDRE                                         r  tx_byte_reg[4]/C
                         clock pessimism             -0.499     1.450    
    SLICE_X53Y23         FDRE (Hold_fdre_C_D)         0.070     1.520    tx_byte_reg[4]
  -------------------------------------------------------------------
                         required time                         -1.520    
                         arrival time                           1.710    
  -------------------------------------------------------------------
                         slack                                  0.190    

Slack (MET) :             0.192ns  (arrival time - required time)
  Source:                 U_RX/o_Rx_Byte_reg[5]/C
                            (rising edge-triggered cell FDRE clocked by sys_clk_pin  {rise@0.000ns fall@5.000ns period=10.000ns})
  Destination:            tx_byte_reg[5]/D
                            (rising edge-triggered cell FDRE clocked by sys_clk_pin  {rise@0.000ns fall@5.000ns period=10.000ns})
  Path Group:             sys_clk_pin
  Path Type:              Hold (Min at Fast Process Corner)
  Requirement:            0.000ns  (sys_clk_pin rise@0.000ns - sys_clk_pin rise@0.000ns)
  Data Path Delay:        0.272ns  (logic 0.141ns (51.841%)  route 0.131ns (48.159%))
  Logic Levels:           0  
  Clock Path Skew:        0.014ns (DCD - SCD - CPR)
    Destination Clock Delay (DCD):    1.949ns
    Source Clock Delay      (SCD):    1.436ns
    Clock Pessimism Removal (CPR):    0.499ns

    Location             Delay type                Incr(ns)  Path(ns)    Netlist Resource(s)
  -------------------------------------------------------------------    -------------------
                         (clock sys_clk_pin rise edge)
                                                      0.000     0.000 r  
    W5                                                0.000     0.000 r  CLK100MHZ (IN)
                         net (fo=0)                   0.000     0.000    CLK100MHZ
    W5                   IBUF (Prop_ibuf_I_O)         0.226     0.226 r  CLK100MHZ_IBUF_inst/O
                         net (fo=1, routed)           0.631     0.858    CLK100MHZ_IBUF
    BUFGCTRL_X0Y0        BUFG (Prop_bufg_I_O)         0.026     0.884 r  CLK100MHZ_IBUF_BUFG_inst/O
                         net (fo=162, routed)         0.553     1.436    U_RX/CLK100MHZ_IBUF_BUFG
    SLICE_X53Y24         FDRE                                         r  U_RX/o_Rx_Byte_reg[5]/C
  -------------------------------------------------------------------    -------------------
    SLICE_X53Y24         FDRE (Prop_fdre_C_Q)         0.141     1.577 r  U_RX/o_Rx_Byte_reg[5]/Q
                         net (fo=3, routed)           0.131     1.708    rx_byte[5]
    SLICE_X53Y23         FDRE                                         r  tx_byte_reg[5]/D
  -------------------------------------------------------------------    -------------------

                         (clock sys_clk_pin rise edge)
                                                      0.000     0.000 r  
    W5                                                0.000     0.000 r  CLK100MHZ (IN)
                         net (fo=0)                   0.000     0.000    CLK100MHZ
    W5                   IBUF (Prop_ibuf_I_O)         0.414     0.414 r  CLK100MHZ_IBUF_inst/O
                         net (fo=1, routed)           0.685     1.099    CLK100MHZ_IBUF
    BUFGCTRL_X0Y0        BUFG (Prop_bufg_I_O)         0.029     1.128 r  CLK100MHZ_IBUF_BUFG_inst/O
                         net (fo=162, routed)         0.822     1.949    CLK100MHZ_IBUF_BUFG
    SLICE_X53Y23         FDRE                                         r  tx_byte_reg[5]/C
                         clock pessimism             -0.499     1.450    
    SLICE_X53Y23         FDRE (Hold_fdre_C_D)         0.066     1.516    tx_byte_reg[5]
  -------------------------------------------------------------------
                         required time                         -1.516    
                         arrival time                           1.708    
  -------------------------------------------------------------------
                         slack                                  0.192    

Slack (MET) :             0.196ns  (arrival time - required time)
  Source:                 minute_reg[0]/C
                            (rising edge-triggered cell FDRE clocked by sys_clk_pin  {rise@0.000ns fall@5.000ns period=10.000ns})
  Destination:            minute_reg[1]/D
                            (rising edge-triggered cell FDRE clocked by sys_clk_pin  {rise@0.000ns fall@5.000ns period=10.000ns})
  Path Group:             sys_clk_pin
  Path Type:              Hold (Min at Fast Process Corner)
  Requirement:            0.000ns  (sys_clk_pin rise@0.000ns - sys_clk_pin rise@0.000ns)
  Data Path Delay:        0.331ns  (logic 0.186ns (56.233%)  route 0.145ns (43.767%))
  Logic Levels:           1  (LUT6=1)
  Clock Path Skew:        0.014ns (DCD - SCD - CPR)
    Destination Clock Delay (DCD):    1.981ns
    Source Clock Delay      (SCD):    1.469ns
    Clock Pessimism Removal (CPR):    0.498ns

    Location             Delay type                Incr(ns)  Path(ns)    Netlist Resource(s)
  -------------------------------------------------------------------    -------------------
                         (clock sys_clk_pin rise edge)
                                                      0.000     0.000 r  
    W5                                                0.000     0.000 r  CLK100MHZ (IN)
                         net (fo=0)                   0.000     0.000    CLK100MHZ
    W5                   IBUF (Prop_ibuf_I_O)         0.226     0.226 r  CLK100MHZ_IBUF_inst/O
                         net (fo=1, routed)           0.631     0.858    CLK100MHZ_IBUF
    BUFGCTRL_X0Y0        BUFG (Prop_bufg_I_O)         0.026     0.884 r  CLK100MHZ_IBUF_BUFG_inst/O
                         net (fo=162, routed)         0.586     1.469    CLK100MHZ_IBUF_BUFG
    SLICE_X59Y19         FDRE                                         r  minute_reg[0]/C
  -------------------------------------------------------------------    -------------------
    SLICE_X59Y19         FDRE (Prop_fdre_C_Q)         0.141     1.610 r  minute_reg[0]/Q
                         net (fo=6, routed)           0.145     1.755    minute__0[0]
    SLICE_X60Y19         LUT6 (Prop_lut6_I4_O)        0.045     1.800 r  minute[1]_i_1/O
                         net (fo=1, routed)           0.000     1.800    minute[1]_i_1_n_0
    SLICE_X60Y19         FDRE                                         r  minute_reg[1]/D
  -------------------------------------------------------------------    -------------------

                         (clock sys_clk_pin rise edge)
                                                      0.000     0.000 r  
    W5                                                0.000     0.000 r  CLK100MHZ (IN)
                         net (fo=0)                   0.000     0.000    CLK100MHZ
    W5                   IBUF (Prop_ibuf_I_O)         0.414     0.414 r  CLK100MHZ_IBUF_inst/O
                         net (fo=1, routed)           0.685     1.099    CLK100MHZ_IBUF
    BUFGCTRL_X0Y0        BUFG (Prop_bufg_I_O)         0.029     1.128 r  CLK100MHZ_IBUF_BUFG_inst/O
                         net (fo=162, routed)         0.854     1.981    CLK100MHZ_IBUF_BUFG
    SLICE_X60Y19         FDRE                                         r  minute_reg[1]/C
                         clock pessimism             -0.498     1.483    
    SLICE_X60Y19         FDRE (Hold_fdre_C_D)         0.121     1.604    minute_reg[1]
  -------------------------------------------------------------------
                         required time                         -1.604    
                         arrival time                           1.800    
  -------------------------------------------------------------------
                         slack                                  0.196    

Slack (MET) :             0.216ns  (arrival time - required time)
  Source:                 U_RX/FSM_onehot_r_State_reg[3]/C
                            (rising edge-triggered cell FDRE clocked by sys_clk_pin  {rise@0.000ns fall@5.000ns period=10.000ns})
  Destination:            U_RX/r_Clk_Count_reg[0]/D
                            (rising edge-triggered cell FDRE clocked by sys_clk_pin  {rise@0.000ns fall@5.000ns period=10.000ns})
  Path Group:             sys_clk_pin
  Path Type:              Hold (Min at Fast Process Corner)
  Requirement:            0.000ns  (sys_clk_pin rise@0.000ns - sys_clk_pin rise@0.000ns)
  Data Path Delay:        0.322ns  (logic 0.186ns (57.749%)  route 0.136ns (42.250%))
  Logic Levels:           1  (LUT6=1)
  Clock Path Skew:        0.015ns (DCD - SCD - CPR)
    Destination Clock Delay (DCD):    1.951ns
    Source Clock Delay      (SCD):    1.437ns
    Clock Pessimism Removal (CPR):    0.499ns

    Location             Delay type                Incr(ns)  Path(ns)    Netlist Resource(s)
  -------------------------------------------------------------------    -------------------
                         (clock sys_clk_pin rise edge)
                                                      0.000     0.000 r  
    W5                                                0.000     0.000 r  CLK100MHZ (IN)
                         net (fo=0)                   0.000     0.000    CLK100MHZ
    W5                   IBUF (Prop_ibuf_I_O)         0.226     0.226 r  CLK100MHZ_IBUF_inst/O
                         net (fo=1, routed)           0.631     0.858    CLK100MHZ_IBUF
    BUFGCTRL_X0Y0        BUFG (Prop_bufg_I_O)         0.026     0.884 r  CLK100MHZ_IBUF_BUFG_inst/O
                         net (fo=162, routed)         0.554     1.437    U_RX/CLK100MHZ_IBUF_BUFG
    SLICE_X51Y23         FDRE                                         r  U_RX/FSM_onehot_r_State_reg[3]/C
  -------------------------------------------------------------------    -------------------
    SLICE_X51Y23         FDRE (Prop_fdre_C_Q)         0.141     1.578 r  U_RX/FSM_onehot_r_State_reg[3]/Q
                         net (fo=6, routed)           0.136     1.714    U_RX/FSM_onehot_r_State_reg_n_0_[3]
    SLICE_X51Y22         LUT6 (Prop_lut6_I2_O)        0.045     1.759 r  U_RX/r_Clk_Count[0]_i_1__0/O
                         net (fo=1, routed)           0.000     1.759    U_RX/r_Clk_Count[0]_i_1__0_n_0
    SLICE_X51Y22         FDRE                                         r  U_RX/r_Clk_Count_reg[0]/D
  -------------------------------------------------------------------    -------------------

                         (clock sys_clk_pin rise edge)
                                                      0.000     0.000 r  
    W5                                                0.000     0.000 r  CLK100MHZ (IN)
                         net (fo=0)                   0.000     0.000    CLK100MHZ
    W5                   IBUF (Prop_ibuf_I_O)         0.414     0.414 r  CLK100MHZ_IBUF_inst/O
                         net (fo=1, routed)           0.685     1.099    CLK100MHZ_IBUF
    BUFGCTRL_X0Y0        BUFG (Prop_bufg_I_O)         0.029     1.128 r  CLK100MHZ_IBUF_BUFG_inst/O
                         net (fo=162, routed)         0.824     1.951    U_RX/CLK100MHZ_IBUF_BUFG
    SLICE_X51Y22         FDRE                                         r  U_RX/r_Clk_Count_reg[0]/C
                         clock pessimism             -0.499     1.452    
    SLICE_X51Y22         FDRE (Hold_fdre_C_D)         0.091     1.543    U_RX/r_Clk_Count_reg[0]
  -------------------------------------------------------------------
                         required time                         -1.543    
                         arrival time                           1.759    
  -------------------------------------------------------------------
                         slack                                  0.216    

Slack (MET) :             0.217ns  (arrival time - required time)
  Source:                 U_RX/o_Rx_Byte_reg[2]/C
                            (rising edge-triggered cell FDRE clocked by sys_clk_pin  {rise@0.000ns fall@5.000ns period=10.000ns})
  Destination:            tx_byte_reg[2]/D
                            (rising edge-triggered cell FDRE clocked by sys_clk_pin  {rise@0.000ns fall@5.000ns period=10.000ns})
  Path Group:             sys_clk_pin
  Path Type:              Hold (Min at Fast Process Corner)
  Requirement:            0.000ns  (sys_clk_pin rise@0.000ns - sys_clk_pin rise@0.000ns)
  Data Path Delay:        0.314ns  (logic 0.164ns (52.233%)  route 0.150ns (47.767%))
  Logic Levels:           0  
  Clock Path Skew:        0.034ns (DCD - SCD - CPR)
    Destination Clock Delay (DCD):    1.951ns
    Source Clock Delay      (SCD):    1.439ns
    Clock Pessimism Removal (CPR):    0.478ns

    Location             Delay type                Incr(ns)  Path(ns)    Netlist Resource(s)
  -------------------------------------------------------------------    -------------------
                         (clock sys_clk_pin rise edge)
                                                      0.000     0.000 r  
    W5                                                0.000     0.000 r  CLK100MHZ (IN)
                         net (fo=0)                   0.000     0.000    CLK100MHZ
    W5                   IBUF (Prop_ibuf_I_O)         0.226     0.226 r  CLK100MHZ_IBUF_inst/O
                         net (fo=1, routed)           0.631     0.858    CLK100MHZ_IBUF
    BUFGCTRL_X0Y0        BUFG (Prop_bufg_I_O)         0.026     0.884 r  CLK100MHZ_IBUF_BUFG_inst/O
                         net (fo=162, routed)         0.556     1.439    U_RX/CLK100MHZ_IBUF_BUFG
    SLICE_X54Y22         FDRE                                         r  U_RX/o_Rx_Byte_reg[2]/C
  -------------------------------------------------------------------    -------------------
    SLICE_X54Y22         FDRE (Prop_fdre_C_Q)         0.164     1.603 r  U_RX/o_Rx_Byte_reg[2]/Q
                         net (fo=7, routed)           0.150     1.753    rx_byte[2]
    SLICE_X56Y22         FDRE                                         r  tx_byte_reg[2]/D
  -------------------------------------------------------------------    -------------------

                         (clock sys_clk_pin rise edge)
                                                      0.000     0.000 r  
    W5                                                0.000     0.000 r  CLK100MHZ (IN)
                         net (fo=0)                   0.000     0.000    CLK100MHZ
    W5                   IBUF (Prop_ibuf_I_O)         0.414     0.414 r  CLK100MHZ_IBUF_inst/O
                         net (fo=1, routed)           0.685     1.099    CLK100MHZ_IBUF
    BUFGCTRL_X0Y0        BUFG (Prop_bufg_I_O)         0.029     1.128 r  CLK100MHZ_IBUF_BUFG_inst/O
                         net (fo=162, routed)         0.824     1.951    CLK100MHZ_IBUF_BUFG
    SLICE_X56Y22         FDRE                                         r  tx_byte_reg[2]/C
                         clock pessimism             -0.478     1.473    
    SLICE_X56Y22         FDRE (Hold_fdre_C_D)         0.063     1.536    tx_byte_reg[2]
  -------------------------------------------------------------------
                         required time                         -1.536    
                         arrival time                           1.753    
  -------------------------------------------------------------------
                         slack                                  0.217    





Pulse Width Checks
--------------------------------------------------------------------------------------
Clock Name:         sys_clk_pin
Waveform(ns):       { 0.000 5.000 }
Period(ns):         10.000
Sources:            { CLK100MHZ }

Check Type        Corner  Lib Pin  Reference Pin  Required(ns)  Actual(ns)  Slack(ns)  Location       Pin
Min Period        n/a     BUFG/I   n/a            2.155         10.000      7.845      BUFGCTRL_X0Y0  CLK100MHZ_IBUF_BUFG_inst/I
Min Period        n/a     FDRE/C   n/a            1.000         10.000      9.000      SLICE_X58Y19   FSM_onehot_idx_reg[0]/C
Min Period        n/a     FDRE/C   n/a            1.000         10.000      9.000      SLICE_X58Y20   FSM_onehot_idx_reg[1]/C
Min Period        n/a     FDRE/C   n/a            1.000         10.000      9.000      SLICE_X58Y20   FSM_onehot_idx_reg[2]/C
Min Period        n/a     FDRE/C   n/a            1.000         10.000      9.000      SLICE_X58Y20   FSM_onehot_idx_reg[3]/C
Min Period        n/a     FDRE/C   n/a            1.000         10.000      9.000      SLICE_X58Y20   FSM_onehot_idx_reg[4]/C
Min Period        n/a     FDRE/C   n/a            1.000         10.000      9.000      SLICE_X59Y21   d0_reg[0]/C
Min Period        n/a     FDRE/C   n/a            1.000         10.000      9.000      SLICE_X59Y21   d0_reg[1]/C
Min Period        n/a     FDRE/C   n/a            1.000         10.000      9.000      SLICE_X59Y21   d0_reg[2]/C
Min Period        n/a     FDRE/C   n/a            1.000         10.000      9.000      SLICE_X59Y21   d0_reg[3]/C
Low Pulse Width   Slow    FDRE/C   n/a            0.500         5.000       4.500      SLICE_X58Y19   FSM_onehot_idx_reg[0]/C
Low Pulse Width   Fast    FDRE/C   n/a            0.500         5.000       4.500      SLICE_X58Y19   FSM_onehot_idx_reg[0]/C
Low Pulse Width   Slow    FDRE/C   n/a            0.500         5.000       4.500      SLICE_X58Y20   FSM_onehot_idx_reg[1]/C
Low Pulse Width   Fast    FDRE/C   n/a            0.500         5.000       4.500      SLICE_X58Y20   FSM_onehot_idx_reg[1]/C
Low Pulse Width   Slow    FDRE/C   n/a            0.500         5.000       4.500      SLICE_X58Y20   FSM_onehot_idx_reg[2]/C
Low Pulse Width   Fast    FDRE/C   n/a            0.500         5.000       4.500      SLICE_X58Y20   FSM_onehot_idx_reg[2]/C
Low Pulse Width   Slow    FDRE/C   n/a            0.500         5.000       4.500      SLICE_X58Y20   FSM_onehot_idx_reg[3]/C
Low Pulse Width   Fast    FDRE/C   n/a            0.500         5.000       4.500      SLICE_X58Y20   FSM_onehot_idx_reg[3]/C
Low Pulse Width   Slow    FDRE/C   n/a            0.500         5.000       4.500      SLICE_X58Y20   FSM_onehot_idx_reg[4]/C
Low Pulse Width   Fast    FDRE/C   n/a            0.500         5.000       4.500      SLICE_X58Y20   FSM_onehot_idx_reg[4]/C
High Pulse Width  Slow    FDRE/C   n/a            0.500         5.000       4.500      SLICE_X58Y19   FSM_onehot_idx_reg[0]/C
High Pulse Width  Fast    FDRE/C   n/a            0.500         5.000       4.500      SLICE_X58Y19   FSM_onehot_idx_reg[0]/C
High Pulse Width  Slow    FDRE/C   n/a            0.500         5.000       4.500      SLICE_X58Y20   FSM_onehot_idx_reg[1]/C
High Pulse Width  Fast    FDRE/C   n/a            0.500         5.000       4.500      SLICE_X58Y20   FSM_onehot_idx_reg[1]/C
High Pulse Width  Slow    FDRE/C   n/a            0.500         5.000       4.500      SLICE_X58Y20   FSM_onehot_idx_reg[2]/C
High Pulse Width  Fast    FDRE/C   n/a            0.500         5.000       4.500      SLICE_X58Y20   FSM_onehot_idx_reg[2]/C
High Pulse Width  Slow    FDRE/C   n/a            0.500         5.000       4.500      SLICE_X58Y20   FSM_onehot_idx_reg[3]/C
High Pulse Width  Fast    FDRE/C   n/a            0.500         5.000       4.500      SLICE_X58Y20   FSM_onehot_idx_reg[3]/C
High Pulse Width  Slow    FDRE/C   n/a            0.500         5.000       4.500      SLICE_X58Y20   FSM_onehot_idx_reg[4]/C
High Pulse Width  Fast    FDRE/C   n/a            0.500         5.000       4.500      SLICE_X58Y20   FSM_onehot_idx_reg[4]/C



--------------------------------------------------------------------------------------
Path Group:  (none)
From Clock:  sys_clk_pin
  To Clock:  

Max Delay            12 Endpoints
Min Delay            12 Endpoints
--------------------------------------------------------------------------------------


Max Delay Paths
--------------------------------------------------------------------------------------
Slack:                    inf
  Source:                 minute_reg[3]/C
                            (rising edge-triggered cell FDRE clocked by sys_clk_pin  {rise@0.000ns fall@5.000ns period=10.000ns})
  Destination:            CG
                            (output port)
  Path Group:             (none)
  Path Type:              Max at Slow Process Corner
  Data Path Delay:        10.616ns  (logic 4.943ns (46.564%)  route 5.673ns (53.436%))
  Logic Levels:           5  (LUT4=1 LUT5=1 LUT6=2 OBUF=1)
  Clock Uncertainty:      0.025ns  ((TSJ^2 + TIJ^2)^1/2 + DJ) / 2 + PE
    Total System Jitter     (TSJ):    0.050ns
    Total Input Jitter      (TIJ):    0.000ns
    Discrete Jitter          (DJ):    0.000ns
    Phase Error              (PE):    0.000ns

    Location             Delay type                Incr(ns)  Path(ns)    Netlist Resource(s)
  -------------------------------------------------------------------    -------------------
                         (clock sys_clk_pin rise edge)
                                                      0.000     0.000 r  
    W5                                                0.000     0.000 r  CLK100MHZ (IN)
                         net (fo=0)                   0.000     0.000    CLK100MHZ
    W5                   IBUF (Prop_ibuf_I_O)         1.458     1.458 r  CLK100MHZ_IBUF_inst/O
                         net (fo=1, routed)           1.967     3.425    CLK100MHZ_IBUF
    BUFGCTRL_X0Y0        BUFG (Prop_bufg_I_O)         0.096     3.521 r  CLK100MHZ_IBUF_BUFG_inst/O
                         net (fo=162, routed)         1.625     5.146    CLK100MHZ_IBUF_BUFG
    SLICE_X61Y19         FDRE                                         r  minute_reg[3]/C
  -------------------------------------------------------------------    -------------------
    SLICE_X61Y19         FDRE (Prop_fdre_C_Q)         0.456     5.602 r  minute_reg[3]/Q
                         net (fo=9, routed)           1.467     7.069    minute__0[3]
    SLICE_X61Y20         LUT4 (Prop_lut4_I1_O)        0.152     7.221 r  CA_OBUF_inst_i_13/O
                         net (fo=1, routed)           0.939     8.160    CA_OBUF_inst_i_13_n_0
    SLICE_X62Y20         LUT6 (Prop_lut6_I5_O)        0.326     8.486 r  CA_OBUF_inst_i_8/O
                         net (fo=1, routed)           0.798     9.284    CA_OBUF_inst_i_8_n_0
    SLICE_X62Y20         LUT5 (Prop_lut5_I0_O)        0.152     9.436 r  CA_OBUF_inst_i_2/O
                         net (fo=7, routed)           0.609    10.046    sel0[1]
    SLICE_X63Y18         LUT6 (Prop_lut6_I5_O)        0.326    10.372 r  CG_OBUF_inst_i_1/O
                         net (fo=1, routed)           1.860    12.231    CG_OBUF
    U7                   OBUF (Prop_obuf_I_O)         3.531    15.763 r  CG_OBUF_inst/O
                         net (fo=0)                   0.000    15.763    CG
    U7                                                                r  CG (OUT)
  -------------------------------------------------------------------    -------------------

Slack:                    inf
  Source:                 minute_reg[3]/C
                            (rising edge-triggered cell FDRE clocked by sys_clk_pin  {rise@0.000ns fall@5.000ns period=10.000ns})
  Destination:            CA
                            (output port)
  Path Group:             (none)
  Path Type:              Max at Slow Process Corner
  Data Path Delay:        10.502ns  (logic 4.923ns (46.875%)  route 5.579ns (53.125%))
  Logic Levels:           5  (LUT4=1 LUT5=1 LUT6=2 OBUF=1)
  Clock Uncertainty:      0.025ns  ((TSJ^2 + TIJ^2)^1/2 + DJ) / 2 + PE
    Total System Jitter     (TSJ):    0.050ns
    Total Input Jitter      (TIJ):    0.000ns
    Discrete Jitter          (DJ):    0.000ns
    Phase Error              (PE):    0.000ns

    Location             Delay type                Incr(ns)  Path(ns)    Netlist Resource(s)
  -------------------------------------------------------------------    -------------------
                         (clock sys_clk_pin rise edge)
                                                      0.000     0.000 r  
    W5                                                0.000     0.000 r  CLK100MHZ (IN)
                         net (fo=0)                   0.000     0.000    CLK100MHZ
    W5                   IBUF (Prop_ibuf_I_O)         1.458     1.458 r  CLK100MHZ_IBUF_inst/O
                         net (fo=1, routed)           1.967     3.425    CLK100MHZ_IBUF
    BUFGCTRL_X0Y0        BUFG (Prop_bufg_I_O)         0.096     3.521 r  CLK100MHZ_IBUF_BUFG_inst/O
                         net (fo=162, routed)         1.625     5.146    CLK100MHZ_IBUF_BUFG
    SLICE_X61Y19         FDRE                                         r  minute_reg[3]/C
  -------------------------------------------------------------------    -------------------
    SLICE_X61Y19         FDRE (Prop_fdre_C_Q)         0.456     5.602 r  minute_reg[3]/Q
                         net (fo=9, routed)           1.467     7.069    minute__0[3]
    SLICE_X61Y20         LUT4 (Prop_lut4_I1_O)        0.152     7.221 f  CA_OBUF_inst_i_13/O
                         net (fo=1, routed)           0.939     8.160    CA_OBUF_inst_i_13_n_0
    SLICE_X62Y20         LUT6 (Prop_lut6_I5_O)        0.326     8.486 f  CA_OBUF_inst_i_8/O
                         net (fo=1, routed)           0.798     9.284    CA_OBUF_inst_i_8_n_0
    SLICE_X62Y20         LUT5 (Prop_lut5_I0_O)        0.152     9.436 f  CA_OBUF_inst_i_2/O
                         net (fo=7, routed)           0.448     9.884    sel0[1]
    SLICE_X63Y21         LUT6 (Prop_lut6_I0_O)        0.326    10.210 r  CA_OBUF_inst_i_1/O
                         net (fo=1, routed)           1.927    12.137    CA_OBUF
    W7                   OBUF (Prop_obuf_I_O)         3.511    15.648 r  CA_OBUF_inst/O
                         net (fo=0)                   0.000    15.648    CA
    W7                                                                r  CA (OUT)
  -------------------------------------------------------------------    -------------------

Slack:                    inf
  Source:                 minute_reg[3]/C
                            (rising edge-triggered cell FDRE clocked by sys_clk_pin  {rise@0.000ns fall@5.000ns period=10.000ns})
  Destination:            CB
                            (output port)
  Path Group:             (none)
  Path Type:              Max at Slow Process Corner
  Data Path Delay:        10.291ns  (logic 4.941ns (48.016%)  route 5.350ns (51.984%))
  Logic Levels:           5  (LUT4=1 LUT5=1 LUT6=2 OBUF=1)
  Clock Uncertainty:      0.025ns  ((TSJ^2 + TIJ^2)^1/2 + DJ) / 2 + PE
    Total System Jitter     (TSJ):    0.050ns
    Total Input Jitter      (TIJ):    0.000ns
    Discrete Jitter          (DJ):    0.000ns
    Phase Error              (PE):    0.000ns

    Location             Delay type                Incr(ns)  Path(ns)    Netlist Resource(s)
  -------------------------------------------------------------------    -------------------
                         (clock sys_clk_pin rise edge)
                                                      0.000     0.000 r  
    W5                                                0.000     0.000 r  CLK100MHZ (IN)
                         net (fo=0)                   0.000     0.000    CLK100MHZ
    W5                   IBUF (Prop_ibuf_I_O)         1.458     1.458 r  CLK100MHZ_IBUF_inst/O
                         net (fo=1, routed)           1.967     3.425    CLK100MHZ_IBUF
    BUFGCTRL_X0Y0        BUFG (Prop_bufg_I_O)         0.096     3.521 r  CLK100MHZ_IBUF_BUFG_inst/O
                         net (fo=162, routed)         1.625     5.146    CLK100MHZ_IBUF_BUFG
    SLICE_X61Y19         FDRE                                         r  minute_reg[3]/C
  -------------------------------------------------------------------    -------------------
    SLICE_X61Y19         FDRE (Prop_fdre_C_Q)         0.456     5.602 r  minute_reg[3]/Q
                         net (fo=9, routed)           1.467     7.069    minute__0[3]
    SLICE_X61Y20         LUT4 (Prop_lut4_I1_O)        0.152     7.221 r  CA_OBUF_inst_i_13/O
                         net (fo=1, routed)           0.939     8.160    CA_OBUF_inst_i_13_n_0
    SLICE_X62Y20         LUT6 (Prop_lut6_I5_O)        0.326     8.486 r  CA_OBUF_inst_i_8/O
                         net (fo=1, routed)           0.798     9.284    CA_OBUF_inst_i_8_n_0
    SLICE_X62Y20         LUT5 (Prop_lut5_I0_O)        0.152     9.436 r  CA_OBUF_inst_i_2/O
                         net (fo=7, routed)           0.452     9.888    sel0[1]
    SLICE_X63Y21         LUT6 (Prop_lut6_I1_O)        0.326    10.214 r  CB_OBUF_inst_i_1/O
                         net (fo=1, routed)           1.694    11.908    CB_OBUF
    W6                   OBUF (Prop_obuf_I_O)         3.529    15.437 r  CB_OBUF_inst/O
                         net (fo=0)                   0.000    15.437    CB
    W6                                                                r  CB (OUT)
  -------------------------------------------------------------------    -------------------

Slack:                    inf
  Source:                 minute_reg[3]/C
                            (rising edge-triggered cell FDRE clocked by sys_clk_pin  {rise@0.000ns fall@5.000ns period=10.000ns})
  Destination:            CD
                            (output port)
  Path Group:             (none)
  Path Type:              Max at Slow Process Corner
  Data Path Delay:        10.285ns  (logic 4.948ns (48.103%)  route 5.338ns (51.897%))
  Logic Levels:           5  (LUT4=1 LUT5=1 LUT6=2 OBUF=1)
  Clock Uncertainty:      0.025ns  ((TSJ^2 + TIJ^2)^1/2 + DJ) / 2 + PE
    Total System Jitter     (TSJ):    0.050ns
    Total Input Jitter      (TIJ):    0.000ns
    Discrete Jitter          (DJ):    0.000ns
    Phase Error              (PE):    0.000ns

    Location             Delay type                Incr(ns)  Path(ns)    Netlist Resource(s)
  -------------------------------------------------------------------    -------------------
                         (clock sys_clk_pin rise edge)
                                                      0.000     0.000 r  
    W5                                                0.000     0.000 r  CLK100MHZ (IN)
                         net (fo=0)                   0.000     0.000    CLK100MHZ
    W5                   IBUF (Prop_ibuf_I_O)         1.458     1.458 r  CLK100MHZ_IBUF_inst/O
                         net (fo=1, routed)           1.967     3.425    CLK100MHZ_IBUF
    BUFGCTRL_X0Y0        BUFG (Prop_bufg_I_O)         0.096     3.521 r  CLK100MHZ_IBUF_BUFG_inst/O
                         net (fo=162, routed)         1.625     5.146    CLK100MHZ_IBUF_BUFG
    SLICE_X61Y19         FDRE                                         r  minute_reg[3]/C
  -------------------------------------------------------------------    -------------------
    SLICE_X61Y19         FDRE (Prop_fdre_C_Q)         0.456     5.602 r  minute_reg[3]/Q
                         net (fo=9, routed)           1.467     7.069    minute__0[3]
    SLICE_X61Y20         LUT4 (Prop_lut4_I1_O)        0.152     7.221 r  CA_OBUF_inst_i_13/O
                         net (fo=1, routed)           0.939     8.160    CA_OBUF_inst_i_13_n_0
    SLICE_X62Y20         LUT6 (Prop_lut6_I5_O)        0.326     8.486 r  CA_OBUF_inst_i_8/O
                         net (fo=1, routed)           0.798     9.284    CA_OBUF_inst_i_8_n_0
    SLICE_X62Y20         LUT5 (Prop_lut5_I0_O)        0.152     9.436 r  CA_OBUF_inst_i_2/O
                         net (fo=7, routed)           0.341     9.777    sel0[1]
    SLICE_X63Y21         LUT6 (Prop_lut6_I5_O)        0.326    10.103 r  CD_OBUF_inst_i_1/O
                         net (fo=1, routed)           1.793    11.896    CD_OBUF
    V8                   OBUF (Prop_obuf_I_O)         3.536    15.432 r  CD_OBUF_inst/O
                         net (fo=0)                   0.000    15.432    CD
    V8                                                                r  CD (OUT)
  -------------------------------------------------------------------    -------------------

Slack:                    inf
  Source:                 minute_reg[3]/C
                            (rising edge-triggered cell FDRE clocked by sys_clk_pin  {rise@0.000ns fall@5.000ns period=10.000ns})
  Destination:            CC
                            (output port)
  Path Group:             (none)
  Path Type:              Max at Slow Process Corner
  Data Path Delay:        10.181ns  (logic 4.947ns (48.592%)  route 5.234ns (51.408%))
  Logic Levels:           5  (LUT4=1 LUT5=1 LUT6=2 OBUF=1)
  Clock Uncertainty:      0.025ns  ((TSJ^2 + TIJ^2)^1/2 + DJ) / 2 + PE
    Total System Jitter     (TSJ):    0.050ns
    Total Input Jitter      (TIJ):    0.000ns
    Discrete Jitter          (DJ):    0.000ns
    Phase Error              (PE):    0.000ns

    Location             Delay type                Incr(ns)  Path(ns)    Netlist Resource(s)
  -------------------------------------------------------------------    -------------------
                         (clock sys_clk_pin rise edge)
                                                      0.000     0.000 r  
    W5                                                0.000     0.000 r  CLK100MHZ (IN)
                         net (fo=0)                   0.000     0.000    CLK100MHZ
    W5                   IBUF (Prop_ibuf_I_O)         1.458     1.458 r  CLK100MHZ_IBUF_inst/O
                         net (fo=1, routed)           1.967     3.425    CLK100MHZ_IBUF
    BUFGCTRL_X0Y0        BUFG (Prop_bufg_I_O)         0.096     3.521 r  CLK100MHZ_IBUF_BUFG_inst/O
                         net (fo=162, routed)         1.625     5.146    CLK100MHZ_IBUF_BUFG
    SLICE_X61Y19         FDRE                                         r  minute_reg[3]/C
  -------------------------------------------------------------------    -------------------
    SLICE_X61Y19         FDRE (Prop_fdre_C_Q)         0.456     5.602 r  minute_reg[3]/Q
                         net (fo=9, routed)           1.467     7.069    minute__0[3]
    SLICE_X61Y20         LUT4 (Prop_lut4_I1_O)        0.152     7.221 r  CA_OBUF_inst_i_13/O
                         net (fo=1, routed)           0.939     8.160    CA_OBUF_inst_i_13_n_0
    SLICE_X62Y20         LUT6 (Prop_lut6_I5_O)        0.326     8.486 r  CA_OBUF_inst_i_8/O
                         net (fo=1, routed)           0.798     9.284    CA_OBUF_inst_i_8_n_0
    SLICE_X62Y20         LUT5 (Prop_lut5_I0_O)        0.152     9.436 r  CA_OBUF_inst_i_2/O
                         net (fo=7, routed)           0.336     9.772    sel0[1]
    SLICE_X63Y21         LUT6 (Prop_lut6_I0_O)        0.326    10.098 r  CC_OBUF_inst_i_1/O
                         net (fo=1, routed)           1.694    11.792    CC_OBUF
    U8                   OBUF (Prop_obuf_I_O)         3.535    15.327 r  CC_OBUF_inst/O
                         net (fo=0)                   0.000    15.327    CC
    U8                                                                r  CC (OUT)
  -------------------------------------------------------------------    -------------------

Slack:                    inf
  Source:                 minute_reg[3]/C
                            (rising edge-triggered cell FDRE clocked by sys_clk_pin  {rise@0.000ns fall@5.000ns period=10.000ns})
  Destination:            CE
                            (output port)
  Path Group:             (none)
  Path Type:              Max at Slow Process Corner
  Data Path Delay:        10.128ns  (logic 4.932ns (48.695%)  route 5.196ns (51.305%))
  Logic Levels:           5  (LUT4=1 LUT5=1 LUT6=2 OBUF=1)
  Clock Uncertainty:      0.025ns  ((TSJ^2 + TIJ^2)^1/2 + DJ) / 2 + PE
    Total System Jitter     (TSJ):    0.050ns
    Total Input Jitter      (TIJ):    0.000ns
    Discrete Jitter          (DJ):    0.000ns
    Phase Error              (PE):    0.000ns

    Location             Delay type                Incr(ns)  Path(ns)    Netlist Resource(s)
  -------------------------------------------------------------------    -------------------
                         (clock sys_clk_pin rise edge)
                                                      0.000     0.000 r  
    W5                                                0.000     0.000 r  CLK100MHZ (IN)
                         net (fo=0)                   0.000     0.000    CLK100MHZ
    W5                   IBUF (Prop_ibuf_I_O)         1.458     1.458 r  CLK100MHZ_IBUF_inst/O
                         net (fo=1, routed)           1.967     3.425    CLK100MHZ_IBUF
    BUFGCTRL_X0Y0        BUFG (Prop_bufg_I_O)         0.096     3.521 r  CLK100MHZ_IBUF_BUFG_inst/O
                         net (fo=162, routed)         1.625     5.146    CLK100MHZ_IBUF_BUFG
    SLICE_X61Y19         FDRE                                         r  minute_reg[3]/C
  -------------------------------------------------------------------    -------------------
    SLICE_X61Y19         FDRE (Prop_fdre_C_Q)         0.456     5.602 r  minute_reg[3]/Q
                         net (fo=9, routed)           1.467     7.069    minute__0[3]
    SLICE_X61Y20         LUT4 (Prop_lut4_I1_O)        0.152     7.221 f  CA_OBUF_inst_i_13/O
                         net (fo=1, routed)           0.939     8.160    CA_OBUF_inst_i_13_n_0
    SLICE_X62Y20         LUT6 (Prop_lut6_I5_O)        0.326     8.486 f  CA_OBUF_inst_i_8/O
                         net (fo=1, routed)           0.798     9.284    CA_OBUF_inst_i_8_n_0
    SLICE_X62Y20         LUT5 (Prop_lut5_I0_O)        0.152     9.436 f  CA_OBUF_inst_i_2/O
                         net (fo=7, routed)           0.333     9.770    sel0[1]
    SLICE_X63Y18         LUT6 (Prop_lut6_I3_O)        0.326    10.096 r  CE_OBUF_inst_i_1/O
                         net (fo=1, routed)           1.659    11.754    CE_OBUF
    U5                   OBUF (Prop_obuf_I_O)         3.520    15.274 r  CE_OBUF_inst/O
                         net (fo=0)                   0.000    15.274    CE
    U5                                                                r  CE (OUT)
  -------------------------------------------------------------------    -------------------

Slack:                    inf
  Source:                 minute_reg[3]/C
                            (rising edge-triggered cell FDRE clocked by sys_clk_pin  {rise@0.000ns fall@5.000ns period=10.000ns})
  Destination:            CF
                            (output port)
  Path Group:             (none)
  Path Type:              Max at Slow Process Corner
  Data Path Delay:        10.124ns  (logic 4.916ns (48.560%)  route 5.208ns (51.440%))
  Logic Levels:           5  (LUT4=1 LUT5=1 LUT6=2 OBUF=1)
  Clock Uncertainty:      0.025ns  ((TSJ^2 + TIJ^2)^1/2 + DJ) / 2 + PE
    Total System Jitter     (TSJ):    0.050ns
    Total Input Jitter      (TIJ):    0.000ns
    Discrete Jitter          (DJ):    0.000ns
    Phase Error              (PE):    0.000ns

    Location             Delay type                Incr(ns)  Path(ns)    Netlist Resource(s)
  -------------------------------------------------------------------    -------------------
                         (clock sys_clk_pin rise edge)
                                                      0.000     0.000 r  
    W5                                                0.000     0.000 r  CLK100MHZ (IN)
                         net (fo=0)                   0.000     0.000    CLK100MHZ
    W5                   IBUF (Prop_ibuf_I_O)         1.458     1.458 r  CLK100MHZ_IBUF_inst/O
                         net (fo=1, routed)           1.967     3.425    CLK100MHZ_IBUF
    BUFGCTRL_X0Y0        BUFG (Prop_bufg_I_O)         0.096     3.521 r  CLK100MHZ_IBUF_BUFG_inst/O
                         net (fo=162, routed)         1.625     5.146    CLK100MHZ_IBUF_BUFG
    SLICE_X61Y19         FDRE                                         r  minute_reg[3]/C
  -------------------------------------------------------------------    -------------------
    SLICE_X61Y19         FDRE (Prop_fdre_C_Q)         0.456     5.602 r  minute_reg[3]/Q
                         net (fo=9, routed)           1.467     7.069    minute__0[3]
    SLICE_X61Y20         LUT4 (Prop_lut4_I1_O)        0.152     7.221 r  CA_OBUF_inst_i_13/O
                         net (fo=1, routed)           0.939     8.160    CA_OBUF_inst_i_13_n_0
    SLICE_X62Y20         LUT6 (Prop_lut6_I5_O)        0.326     8.486 r  CA_OBUF_inst_i_8/O
                         net (fo=1, routed)           0.798     9.284    CA_OBUF_inst_i_8_n_0
    SLICE_X62Y20         LUT5 (Prop_lut5_I0_O)        0.152     9.436 r  CA_OBUF_inst_i_2/O
                         net (fo=7, routed)           0.330     9.767    sel0[1]
    SLICE_X63Y18         LUT6 (Prop_lut6_I0_O)        0.326    10.093 r  CF_OBUF_inst_i_1/O
                         net (fo=1, routed)           1.674    11.766    CF_OBUF
    V5                   OBUF (Prop_obuf_I_O)         3.504    15.271 r  CF_OBUF_inst/O
                         net (fo=0)                   0.000    15.271    CF
    V5                                                                r  CF (OUT)
  -------------------------------------------------------------------    -------------------

Slack:                    inf
  Source:                 U_TX/o_Tx_Serial_reg/C
                            (rising edge-triggered cell FDRE clocked by sys_clk_pin  {rise@0.000ns fall@5.000ns period=10.000ns})
  Destination:            RsTx
                            (output port)
  Path Group:             (none)
  Path Type:              Max at Slow Process Corner
  Data Path Delay:        9.265ns  (logic 4.036ns (43.560%)  route 5.229ns (56.440%))
  Logic Levels:           1  (OBUF=1)
  Clock Uncertainty:      0.025ns  ((TSJ^2 + TIJ^2)^1/2 + DJ) / 2 + PE
    Total System Jitter     (TSJ):    0.050ns
    Total Input Jitter      (TIJ):    0.000ns
    Discrete Jitter          (DJ):    0.000ns
    Phase Error              (PE):    0.000ns

    Location             Delay type                Incr(ns)  Path(ns)    Netlist Resource(s)
  -------------------------------------------------------------------    -------------------
                         (clock sys_clk_pin rise edge)
                                                      0.000     0.000 r  
    W5                                                0.000     0.000 r  CLK100MHZ (IN)
                         net (fo=0)                   0.000     0.000    CLK100MHZ
    W5                   IBUF (Prop_ibuf_I_O)         1.458     1.458 r  CLK100MHZ_IBUF_inst/O
                         net (fo=1, routed)           1.967     3.425    CLK100MHZ_IBUF
    BUFGCTRL_X0Y0        BUFG (Prop_bufg_I_O)         0.096     3.521 r  CLK100MHZ_IBUF_BUFG_inst/O
                         net (fo=162, routed)         1.553     5.074    U_TX/CLK100MHZ_IBUF_BUFG
    SLICE_X54Y23         FDRE                                         r  U_TX/o_Tx_Serial_reg/C
  -------------------------------------------------------------------    -------------------
    SLICE_X54Y23         FDRE (Prop_fdre_C_Q)         0.518     5.592 r  U_TX/o_Tx_Serial_reg/Q
                         net (fo=1, routed)           5.229    10.821    RsTx_OBUF
    A18                  OBUF (Prop_obuf_I_O)         3.518    14.339 r  RsTx_OBUF_inst/O
                         net (fo=0)                   0.000    14.339    RsTx
    A18                                                               r  RsTx (OUT)
  -------------------------------------------------------------------    -------------------

Slack:                    inf
  Source:                 sel_reg[0]/C
                            (rising edge-triggered cell FDRE clocked by sys_clk_pin  {rise@0.000ns fall@5.000ns period=10.000ns})
  Destination:            AN[1]
                            (output port)
  Path Group:             (none)
  Path Type:              Max at Slow Process Corner
  Data Path Delay:        7.253ns  (logic 4.315ns (59.493%)  route 2.938ns (40.507%))
  Logic Levels:           2  (LUT2=1 OBUF=1)
  Clock Uncertainty:      0.025ns  ((TSJ^2 + TIJ^2)^1/2 + DJ) / 2 + PE
    Total System Jitter     (TSJ):    0.050ns
    Total Input Jitter      (TIJ):    0.000ns
    Discrete Jitter          (DJ):    0.000ns
    Phase Error              (PE):    0.000ns

    Location             Delay type                Incr(ns)  Path(ns)    Netlist Resource(s)
  -------------------------------------------------------------------    -------------------
                         (clock sys_clk_pin rise edge)
                                                      0.000     0.000 r  
    W5                                                0.000     0.000 r  CLK100MHZ (IN)
                         net (fo=0)                   0.000     0.000    CLK100MHZ
    W5                   IBUF (Prop_ibuf_I_O)         1.458     1.458 r  CLK100MHZ_IBUF_inst/O
                         net (fo=1, routed)           1.967     3.425    CLK100MHZ_IBUF
    BUFGCTRL_X0Y0        BUFG (Prop_bufg_I_O)         0.096     3.521 r  CLK100MHZ_IBUF_BUFG_inst/O
                         net (fo=162, routed)         1.624     5.145    CLK100MHZ_IBUF_BUFG
    SLICE_X62Y21         FDRE                                         r  sel_reg[0]/C
  -------------------------------------------------------------------    -------------------
    SLICE_X62Y21         FDRE (Prop_fdre_C_Q)         0.456     5.601 r  sel_reg[0]/Q
                         net (fo=11, routed)          0.905     6.507    sel_reg_n_0_[0]
    SLICE_X62Y21         LUT2 (Prop_lut2_I0_O)        0.152     6.659 r  AN_OBUF[1]_inst_i_1/O
                         net (fo=1, routed)           2.032     8.691    AN_OBUF[1]
    U4                   OBUF (Prop_obuf_I_O)         3.707    12.398 r  AN_OBUF[1]_inst/O
                         net (fo=0)                   0.000    12.398    AN[1]
    U4                                                                r  AN[1] (OUT)
  -------------------------------------------------------------------    -------------------

Slack:                    inf
  Source:                 sel_reg[0]/C
                            (rising edge-triggered cell FDRE clocked by sys_clk_pin  {rise@0.000ns fall@5.000ns period=10.000ns})
  Destination:            AN[0]
                            (output port)
  Path Group:             (none)
  Path Type:              Max at Slow Process Corner
  Data Path Delay:        7.188ns  (logic 4.313ns (60.001%)  route 2.875ns (39.999%))
  Logic Levels:           2  (LUT2=1 OBUF=1)
  Clock Uncertainty:      0.025ns  ((TSJ^2 + TIJ^2)^1/2 + DJ) / 2 + PE
    Total System Jitter     (TSJ):    0.050ns
    Total Input Jitter      (TIJ):    0.000ns
    Discrete Jitter          (DJ):    0.000ns
    Phase Error              (PE):    0.000ns

    Location             Delay type                Incr(ns)  Path(ns)    Netlist Resource(s)
  -------------------------------------------------------------------    -------------------
                         (clock sys_clk_pin rise edge)
                                                      0.000     0.000 r  
    W5                                                0.000     0.000 r  CLK100MHZ (IN)
                         net (fo=0)                   0.000     0.000    CLK100MHZ
    W5                   IBUF (Prop_ibuf_I_O)         1.458     1.458 r  CLK100MHZ_IBUF_inst/O
                         net (fo=1, routed)           1.967     3.425    CLK100MHZ_IBUF
    BUFGCTRL_X0Y0        BUFG (Prop_bufg_I_O)         0.096     3.521 r  CLK100MHZ_IBUF_BUFG_inst/O
                         net (fo=162, routed)         1.624     5.145    CLK100MHZ_IBUF_BUFG
    SLICE_X62Y21         FDRE                                         r  sel_reg[0]/C
  -------------------------------------------------------------------    -------------------
    SLICE_X62Y21         FDRE (Prop_fdre_C_Q)         0.456     5.601 f  sel_reg[0]/Q
                         net (fo=11, routed)          0.913     6.514    sel_reg_n_0_[0]
    SLICE_X62Y21         LUT2 (Prop_lut2_I0_O)        0.152     6.666 r  AN_OBUF[0]_inst_i_1/O
                         net (fo=3, routed)           1.962     8.628    AN_OBUF[0]
    U2                   OBUF (Prop_obuf_I_O)         3.705    12.333 r  AN_OBUF[0]_inst/O
                         net (fo=0)                   0.000    12.333    AN[0]
    U2                                                                r  AN[0] (OUT)
  -------------------------------------------------------------------    -------------------





Min Delay Paths
--------------------------------------------------------------------------------------
Slack:                    inf
  Source:                 sel_reg[1]/C
                            (rising edge-triggered cell FDRE clocked by sys_clk_pin  {rise@0.000ns fall@5.000ns period=10.000ns})
  Destination:            AN[3]
                            (output port)
  Path Group:             (none)
  Path Type:              Min at Fast Process Corner
  Data Path Delay:        2.013ns  (logic 1.437ns (71.415%)  route 0.575ns (28.585%))
  Logic Levels:           2  (LUT2=1 OBUF=1)
  Clock Uncertainty:      0.025ns  ((TSJ^2 + TIJ^2)^1/2 + DJ) / 2 + PE
    Total System Jitter     (TSJ):    0.050ns
    Total Input Jitter      (TIJ):    0.000ns
    Discrete Jitter          (DJ):    0.000ns
    Phase Error              (PE):    0.000ns

    Location             Delay type                Incr(ns)  Path(ns)    Netlist Resource(s)
  -------------------------------------------------------------------    -------------------
                         (clock sys_clk_pin rise edge)
                                                      0.000     0.000 r  
    W5                                                0.000     0.000 r  CLK100MHZ (IN)
                         net (fo=0)                   0.000     0.000    CLK100MHZ
    W5                   IBUF (Prop_ibuf_I_O)         0.226     0.226 r  CLK100MHZ_IBUF_inst/O
                         net (fo=1, routed)           0.631     0.858    CLK100MHZ_IBUF
    BUFGCTRL_X0Y0        BUFG (Prop_bufg_I_O)         0.026     0.884 r  CLK100MHZ_IBUF_BUFG_inst/O
                         net (fo=162, routed)         0.585     1.468    CLK100MHZ_IBUF_BUFG
    SLICE_X62Y21         FDRE                                         r  sel_reg[1]/C
  -------------------------------------------------------------------    -------------------
    SLICE_X62Y21         FDRE (Prop_fdre_C_Q)         0.128     1.596 r  sel_reg[1]/Q
                         net (fo=10, routed)          0.175     1.771    sel_reg_n_0_[1]
    SLICE_X62Y21         LUT2 (Prop_lut2_I1_O)        0.098     1.869 r  AN_OBUF[3]_inst_i_1/O
                         net (fo=1, routed)           0.400     2.269    AN_OBUF[3]
    W4                   OBUF (Prop_obuf_I_O)         1.211     3.481 r  AN_OBUF[3]_inst/O
                         net (fo=0)                   0.000     3.481    AN[3]
    W4                                                                r  AN[3] (OUT)
  -------------------------------------------------------------------    -------------------

Slack:                    inf
  Source:                 sel_reg[0]/C
                            (rising edge-triggered cell FDRE clocked by sys_clk_pin  {rise@0.000ns fall@5.000ns period=10.000ns})
  Destination:            CF
                            (output port)
  Path Group:             (none)
  Path Type:              Min at Fast Process Corner
  Data Path Delay:        2.134ns  (logic 1.437ns (67.304%)  route 0.698ns (32.696%))
  Logic Levels:           3  (LUT6=2 OBUF=1)
  Clock Uncertainty:      0.025ns  ((TSJ^2 + TIJ^2)^1/2 + DJ) / 2 + PE
    Total System Jitter     (TSJ):    0.050ns
    Total Input Jitter      (TIJ):    0.000ns
    Discrete Jitter          (DJ):    0.000ns
    Phase Error              (PE):    0.000ns

    Location             Delay type                Incr(ns)  Path(ns)    Netlist Resource(s)
  -------------------------------------------------------------------    -------------------
                         (clock sys_clk_pin rise edge)
                                                      0.000     0.000 r  
    W5                                                0.000     0.000 r  CLK100MHZ (IN)
                         net (fo=0)                   0.000     0.000    CLK100MHZ
    W5                   IBUF (Prop_ibuf_I_O)         0.226     0.226 r  CLK100MHZ_IBUF_inst/O
                         net (fo=1, routed)           0.631     0.858    CLK100MHZ_IBUF
    BUFGCTRL_X0Y0        BUFG (Prop_bufg_I_O)         0.026     0.884 r  CLK100MHZ_IBUF_BUFG_inst/O
                         net (fo=162, routed)         0.585     1.468    CLK100MHZ_IBUF_BUFG
    SLICE_X62Y21         FDRE                                         r  sel_reg[0]/C
  -------------------------------------------------------------------    -------------------
    SLICE_X62Y21         FDRE (Prop_fdre_C_Q)         0.141     1.609 r  sel_reg[0]/Q
                         net (fo=11, routed)          0.145     1.754    sel_reg_n_0_[0]
    SLICE_X61Y20         LUT6 (Prop_lut6_I4_O)        0.045     1.799 r  CA_OBUF_inst_i_3/O
                         net (fo=7, routed)           0.229     2.028    sel0[0]
    SLICE_X63Y18         LUT6 (Prop_lut6_I5_O)        0.045     2.073 r  CF_OBUF_inst_i_1/O
                         net (fo=1, routed)           0.324     2.397    CF_OBUF
    V5                   OBUF (Prop_obuf_I_O)         1.206     3.603 r  CF_OBUF_inst/O
                         net (fo=0)                   0.000     3.603    CF
    V5                                                                r  CF (OUT)
  -------------------------------------------------------------------    -------------------

Slack:                    inf
  Source:                 sel_reg[0]/C
                            (rising edge-triggered cell FDRE clocked by sys_clk_pin  {rise@0.000ns fall@5.000ns period=10.000ns})
  Destination:            CE
                            (output port)
  Path Group:             (none)
  Path Type:              Min at Fast Process Corner
  Data Path Delay:        2.151ns  (logic 1.452ns (67.504%)  route 0.699ns (32.496%))
  Logic Levels:           3  (LUT6=2 OBUF=1)
  Clock Uncertainty:      0.025ns  ((TSJ^2 + TIJ^2)^1/2 + DJ) / 2 + PE
    Total System Jitter     (TSJ):    0.050ns
    Total Input Jitter      (TIJ):    0.000ns
    Discrete Jitter          (DJ):    0.000ns
    Phase Error              (PE):    0.000ns

    Location             Delay type                Incr(ns)  Path(ns)    Netlist Resource(s)
  -------------------------------------------------------------------    -------------------
                         (clock sys_clk_pin rise edge)
                                                      0.000     0.000 r  
    W5                                                0.000     0.000 r  CLK100MHZ (IN)
                         net (fo=0)                   0.000     0.000    CLK100MHZ
    W5                   IBUF (Prop_ibuf_I_O)         0.226     0.226 r  CLK100MHZ_IBUF_inst/O
                         net (fo=1, routed)           0.631     0.858    CLK100MHZ_IBUF
    BUFGCTRL_X0Y0        BUFG (Prop_bufg_I_O)         0.026     0.884 r  CLK100MHZ_IBUF_BUFG_inst/O
                         net (fo=162, routed)         0.585     1.468    CLK100MHZ_IBUF_BUFG
    SLICE_X62Y21         FDRE                                         r  sel_reg[0]/C
  -------------------------------------------------------------------    -------------------
    SLICE_X62Y21         FDRE (Prop_fdre_C_Q)         0.141     1.609 r  sel_reg[0]/Q
                         net (fo=11, routed)          0.145     1.754    sel_reg_n_0_[0]
    SLICE_X61Y20         LUT6 (Prop_lut6_I4_O)        0.045     1.799 r  CA_OBUF_inst_i_3/O
                         net (fo=7, routed)           0.228     2.027    sel0[0]
    SLICE_X63Y18         LUT6 (Prop_lut6_I5_O)        0.045     2.072 r  CE_OBUF_inst_i_1/O
                         net (fo=1, routed)           0.326     2.398    CE_OBUF
    U5                   OBUF (Prop_obuf_I_O)         1.221     3.619 r  CE_OBUF_inst/O
                         net (fo=0)                   0.000     3.619    CE
    U5                                                                r  CE (OUT)
  -------------------------------------------------------------------    -------------------

Slack:                    inf
  Source:                 hour_reg[4]/C
                            (rising edge-triggered cell FDRE clocked by sys_clk_pin  {rise@0.000ns fall@5.000ns period=10.000ns})
  Destination:            CC
                            (output port)
  Path Group:             (none)
  Path Type:              Min at Fast Process Corner
  Data Path Delay:        2.159ns  (logic 1.467ns (67.954%)  route 0.692ns (32.046%))
  Logic Levels:           3  (LUT6=2 OBUF=1)
  Clock Uncertainty:      0.025ns  ((TSJ^2 + TIJ^2)^1/2 + DJ) / 2 + PE
    Total System Jitter     (TSJ):    0.050ns
    Total Input Jitter      (TIJ):    0.000ns
    Discrete Jitter          (DJ):    0.000ns
    Phase Error              (PE):    0.000ns

    Location             Delay type                Incr(ns)  Path(ns)    Netlist Resource(s)
  -------------------------------------------------------------------    -------------------
                         (clock sys_clk_pin rise edge)
                                                      0.000     0.000 r  
    W5                                                0.000     0.000 r  CLK100MHZ (IN)
                         net (fo=0)                   0.000     0.000    CLK100MHZ
    W5                   IBUF (Prop_ibuf_I_O)         0.226     0.226 r  CLK100MHZ_IBUF_inst/O
                         net (fo=1, routed)           0.631     0.858    CLK100MHZ_IBUF
    BUFGCTRL_X0Y0        BUFG (Prop_bufg_I_O)         0.026     0.884 r  CLK100MHZ_IBUF_BUFG_inst/O
                         net (fo=162, routed)         0.584     1.467    CLK100MHZ_IBUF_BUFG
    SLICE_X58Y21         FDRE                                         r  hour_reg[4]/C
  -------------------------------------------------------------------    -------------------
    SLICE_X58Y21         FDRE (Prop_fdre_C_Q)         0.141     1.608 r  hour_reg[4]/Q
                         net (fo=7, routed)           0.154     1.762    hour_reg_n_0_[4]
    SLICE_X62Y21         LUT6 (Prop_lut6_I1_O)        0.045     1.807 f  CA_OBUF_inst_i_6/O
                         net (fo=7, routed)           0.194     2.001    CA_OBUF_inst_i_6_n_0
    SLICE_X63Y21         LUT6 (Prop_lut6_I3_O)        0.045     2.046 r  CC_OBUF_inst_i_1/O
                         net (fo=1, routed)           0.344     2.390    CC_OBUF
    U8                   OBUF (Prop_obuf_I_O)         1.236     3.626 r  CC_OBUF_inst/O
                         net (fo=0)                   0.000     3.626    CC
    U8                                                                r  CC (OUT)
  -------------------------------------------------------------------    -------------------

Slack:                    inf
  Source:                 sel_reg[1]/C
                            (rising edge-triggered cell FDRE clocked by sys_clk_pin  {rise@0.000ns fall@5.000ns period=10.000ns})
  Destination:            AN[0]
                            (output port)
  Path Group:             (none)
  Path Type:              Min at Fast Process Corner
  Data Path Delay:        2.158ns  (logic 1.495ns (69.266%)  route 0.663ns (30.734%))
  Logic Levels:           2  (LUT2=1 OBUF=1)
  Clock Uncertainty:      0.025ns  ((TSJ^2 + TIJ^2)^1/2 + DJ) / 2 + PE
    Total System Jitter     (TSJ):    0.050ns
    Total Input Jitter      (TIJ):    0.000ns
    Discrete Jitter          (DJ):    0.000ns
    Phase Error              (PE):    0.000ns

    Location             Delay type                Incr(ns)  Path(ns)    Netlist Resource(s)
  -------------------------------------------------------------------    -------------------
                         (clock sys_clk_pin rise edge)
                                                      0.000     0.000 r  
    W5                                                0.000     0.000 r  CLK100MHZ (IN)
                         net (fo=0)                   0.000     0.000    CLK100MHZ
    W5                   IBUF (Prop_ibuf_I_O)         0.226     0.226 r  CLK100MHZ_IBUF_inst/O
                         net (fo=1, routed)           0.631     0.858    CLK100MHZ_IBUF
    BUFGCTRL_X0Y0        BUFG (Prop_bufg_I_O)         0.026     0.884 r  CLK100MHZ_IBUF_BUFG_inst/O
                         net (fo=162, routed)         0.585     1.468    CLK100MHZ_IBUF_BUFG
    SLICE_X62Y21         FDRE                                         r  sel_reg[1]/C
  -------------------------------------------------------------------    -------------------
    SLICE_X62Y21         FDRE (Prop_fdre_C_Q)         0.128     1.596 f  sel_reg[1]/Q
                         net (fo=10, routed)          0.175     1.771    sel_reg_n_0_[1]
    SLICE_X62Y21         LUT2 (Prop_lut2_I1_O)        0.101     1.872 r  AN_OBUF[0]_inst_i_1/O
                         net (fo=3, routed)           0.488     2.360    AN_OBUF[0]
    U2                   OBUF (Prop_obuf_I_O)         1.266     3.627 r  AN_OBUF[0]_inst/O
                         net (fo=0)                   0.000     3.627    AN[0]
    U2                                                                r  AN[0] (OUT)
  -------------------------------------------------------------------    -------------------

Slack:                    inf
  Source:                 minute_reg[3]/C
                            (rising edge-triggered cell FDRE clocked by sys_clk_pin  {rise@0.000ns fall@5.000ns period=10.000ns})
  Destination:            CG
                            (output port)
  Path Group:             (none)
  Path Type:              Min at Fast Process Corner
  Data Path Delay:        2.170ns  (logic 1.463ns (67.422%)  route 0.707ns (32.578%))
  Logic Levels:           3  (LUT6=2 OBUF=1)
  Clock Uncertainty:      0.025ns  ((TSJ^2 + TIJ^2)^1/2 + DJ) / 2 + PE
    Total System Jitter     (TSJ):    0.050ns
    Total Input Jitter      (TIJ):    0.000ns
    Discrete Jitter          (DJ):    0.000ns
    Phase Error              (PE):    0.000ns

    Location             Delay type                Incr(ns)  Path(ns)    Netlist Resource(s)
  -------------------------------------------------------------------    -------------------
                         (clock sys_clk_pin rise edge)
                                                      0.000     0.000 r  
    W5                                                0.000     0.000 r  CLK100MHZ (IN)
                         net (fo=0)                   0.000     0.000    CLK100MHZ
    W5                   IBUF (Prop_ibuf_I_O)         0.226     0.226 r  CLK100MHZ_IBUF_inst/O
                         net (fo=1, routed)           0.631     0.858    CLK100MHZ_IBUF
    BUFGCTRL_X0Y0        BUFG (Prop_bufg_I_O)         0.026     0.884 r  CLK100MHZ_IBUF_BUFG_inst/O
                         net (fo=162, routed)         0.586     1.469    CLK100MHZ_IBUF_BUFG
    SLICE_X61Y19         FDRE                                         r  minute_reg[3]/C
  -------------------------------------------------------------------    -------------------
    SLICE_X61Y19         FDRE (Prop_fdre_C_Q)         0.141     1.610 r  minute_reg[3]/Q
                         net (fo=9, routed)           0.161     1.771    minute__0[3]
    SLICE_X62Y19         LUT6 (Prop_lut6_I3_O)        0.045     1.816 r  CA_OBUF_inst_i_4/O
                         net (fo=7, routed)           0.133     1.950    CA_OBUF_inst_i_4_n_0
    SLICE_X63Y18         LUT6 (Prop_lut6_I0_O)        0.045     1.995 r  CG_OBUF_inst_i_1/O
                         net (fo=1, routed)           0.413     2.407    CG_OBUF
    U7                   OBUF (Prop_obuf_I_O)         1.232     3.640 r  CG_OBUF_inst/O
                         net (fo=0)                   0.000     3.640    CG
    U7                                                                r  CG (OUT)
  -------------------------------------------------------------------    -------------------

Slack:                    inf
  Source:                 sel_reg[1]/C
                            (rising edge-triggered cell FDRE clocked by sys_clk_pin  {rise@0.000ns fall@5.000ns period=10.000ns})
  Destination:            AN[1]
                            (output port)
  Path Group:             (none)
  Path Type:              Min at Fast Process Corner
  Data Path Delay:        2.174ns  (logic 1.497ns (68.881%)  route 0.676ns (31.119%))
  Logic Levels:           2  (LUT2=1 OBUF=1)
  Clock Uncertainty:      0.025ns  ((TSJ^2 + TIJ^2)^1/2 + DJ) / 2 + PE
    Total System Jitter     (TSJ):    0.050ns
    Total Input Jitter      (TIJ):    0.000ns
    Discrete Jitter          (DJ):    0.000ns
    Phase Error              (PE):    0.000ns

    Location             Delay type                Incr(ns)  Path(ns)    Netlist Resource(s)
  -------------------------------------------------------------------    -------------------
                         (clock sys_clk_pin rise edge)
                                                      0.000     0.000 r  
    W5                                                0.000     0.000 r  CLK100MHZ (IN)
                         net (fo=0)                   0.000     0.000    CLK100MHZ
    W5                   IBUF (Prop_ibuf_I_O)         0.226     0.226 r  CLK100MHZ_IBUF_inst/O
                         net (fo=1, routed)           0.631     0.858    CLK100MHZ_IBUF
    BUFGCTRL_X0Y0        BUFG (Prop_bufg_I_O)         0.026     0.884 r  CLK100MHZ_IBUF_BUFG_inst/O
                         net (fo=162, routed)         0.585     1.468    CLK100MHZ_IBUF_BUFG
    SLICE_X62Y21         FDRE                                         r  sel_reg[1]/C
  -------------------------------------------------------------------    -------------------
    SLICE_X62Y21         FDRE (Prop_fdre_C_Q)         0.128     1.596 f  sel_reg[1]/Q
                         net (fo=10, routed)          0.176     1.772    sel_reg_n_0_[1]
    SLICE_X62Y21         LUT2 (Prop_lut2_I1_O)        0.102     1.874 r  AN_OBUF[1]_inst_i_1/O
                         net (fo=1, routed)           0.500     2.375    AN_OBUF[1]
    U4                   OBUF (Prop_obuf_I_O)         1.267     3.642 r  AN_OBUF[1]_inst/O
                         net (fo=0)                   0.000     3.642    AN[1]
    U4                                                                r  AN[1] (OUT)
  -------------------------------------------------------------------    -------------------

Slack:                    inf
  Source:                 sel_reg[1]/C
                            (rising edge-triggered cell FDRE clocked by sys_clk_pin  {rise@0.000ns fall@5.000ns period=10.000ns})
  Destination:            CB
                            (output port)
  Path Group:             (none)
  Path Type:              Min at Fast Process Corner
  Data Path Delay:        2.181ns  (logic 1.501ns (68.829%)  route 0.680ns (31.171%))
  Logic Levels:           3  (LUT5=1 LUT6=1 OBUF=1)
  Clock Uncertainty:      0.025ns  ((TSJ^2 + TIJ^2)^1/2 + DJ) / 2 + PE
    Total System Jitter     (TSJ):    0.050ns
    Total Input Jitter      (TIJ):    0.000ns
    Discrete Jitter          (DJ):    0.000ns
    Phase Error              (PE):    0.000ns

    Location             Delay type                Incr(ns)  Path(ns)    Netlist Resource(s)
  -------------------------------------------------------------------    -------------------
                         (clock sys_clk_pin rise edge)
                                                      0.000     0.000 r  
    W5                                                0.000     0.000 r  CLK100MHZ (IN)
                         net (fo=0)                   0.000     0.000    CLK100MHZ
    W5                   IBUF (Prop_ibuf_I_O)         0.226     0.226 r  CLK100MHZ_IBUF_inst/O
                         net (fo=1, routed)           0.631     0.858    CLK100MHZ_IBUF
    BUFGCTRL_X0Y0        BUFG (Prop_bufg_I_O)         0.026     0.884 r  CLK100MHZ_IBUF_BUFG_inst/O
                         net (fo=162, routed)         0.585     1.468    CLK100MHZ_IBUF_BUFG
    SLICE_X62Y21         FDRE                                         r  sel_reg[1]/C
  -------------------------------------------------------------------    -------------------
    SLICE_X62Y21         FDRE (Prop_fdre_C_Q)         0.128     1.596 r  sel_reg[1]/Q
                         net (fo=10, routed)          0.176     1.772    sel_reg_n_0_[1]
    SLICE_X62Y21         LUT5 (Prop_lut5_I3_O)        0.098     1.870 r  CA_OBUF_inst_i_5/O
                         net (fo=7, routed)           0.156     2.026    CA_OBUF_inst_i_5_n_0
    SLICE_X63Y21         LUT6 (Prop_lut6_I4_O)        0.045     2.071 r  CB_OBUF_inst_i_1/O
                         net (fo=1, routed)           0.348     2.419    CB_OBUF
    W6                   OBUF (Prop_obuf_I_O)         1.230     3.649 r  CB_OBUF_inst/O
                         net (fo=0)                   0.000     3.649    CB
    W6                                                                r  CB (OUT)
  -------------------------------------------------------------------    -------------------

Slack:                    inf
  Source:                 hour_reg[4]/C
                            (rising edge-triggered cell FDRE clocked by sys_clk_pin  {rise@0.000ns fall@5.000ns period=10.000ns})
  Destination:            CD
                            (output port)
  Path Group:             (none)
  Path Type:              Min at Fast Process Corner
  Data Path Delay:        2.190ns  (logic 1.467ns (67.000%)  route 0.723ns (33.000%))
  Logic Levels:           3  (LUT6=2 OBUF=1)
  Clock Uncertainty:      0.025ns  ((TSJ^2 + TIJ^2)^1/2 + DJ) / 2 + PE
    Total System Jitter     (TSJ):    0.050ns
    Total Input Jitter      (TIJ):    0.000ns
    Discrete Jitter          (DJ):    0.000ns
    Phase Error              (PE):    0.000ns

    Location             Delay type                Incr(ns)  Path(ns)    Netlist Resource(s)
  -------------------------------------------------------------------    -------------------
                         (clock sys_clk_pin rise edge)
                                                      0.000     0.000 r  
    W5                                                0.000     0.000 r  CLK100MHZ (IN)
                         net (fo=0)                   0.000     0.000    CLK100MHZ
    W5                   IBUF (Prop_ibuf_I_O)         0.226     0.226 r  CLK100MHZ_IBUF_inst/O
                         net (fo=1, routed)           0.631     0.858    CLK100MHZ_IBUF
    BUFGCTRL_X0Y0        BUFG (Prop_bufg_I_O)         0.026     0.884 r  CLK100MHZ_IBUF_BUFG_inst/O
                         net (fo=162, routed)         0.584     1.467    CLK100MHZ_IBUF_BUFG
    SLICE_X58Y21         FDRE                                         r  hour_reg[4]/C
  -------------------------------------------------------------------    -------------------
    SLICE_X58Y21         FDRE (Prop_fdre_C_Q)         0.141     1.608 r  hour_reg[4]/Q
                         net (fo=7, routed)           0.154     1.762    hour_reg_n_0_[4]
    SLICE_X62Y21         LUT6 (Prop_lut6_I1_O)        0.045     1.807 r  CA_OBUF_inst_i_6/O
                         net (fo=7, routed)           0.193     2.000    CA_OBUF_inst_i_6_n_0
    SLICE_X63Y21         LUT6 (Prop_lut6_I1_O)        0.045     2.045 r  CD_OBUF_inst_i_1/O
                         net (fo=1, routed)           0.376     2.421    CD_OBUF
    V8                   OBUF (Prop_obuf_I_O)         1.236     3.657 r  CD_OBUF_inst/O
                         net (fo=0)                   0.000     3.657    CD
    V8                                                                r  CD (OUT)
  -------------------------------------------------------------------    -------------------

Slack:                    inf
  Source:                 sel_reg[1]/C
                            (rising edge-triggered cell FDRE clocked by sys_clk_pin  {rise@0.000ns fall@5.000ns period=10.000ns})
  Destination:            AN[2]
                            (output port)
  Path Group:             (none)
  Path Type:              Min at Fast Process Corner
  Data Path Delay:        2.232ns  (logic 1.450ns (64.950%)  route 0.782ns (35.050%))
  Logic Levels:           2  (LUT2=1 OBUF=1)
  Clock Uncertainty:      0.025ns  ((TSJ^2 + TIJ^2)^1/2 + DJ) / 2 + PE
    Total System Jitter     (TSJ):    0.050ns
    Total Input Jitter      (TIJ):    0.000ns
    Discrete Jitter          (DJ):    0.000ns
    Phase Error              (PE):    0.000ns

    Location             Delay type                Incr(ns)  Path(ns)    Netlist Resource(s)
  -------------------------------------------------------------------    -------------------
                         (clock sys_clk_pin rise edge)
                                                      0.000     0.000 r  
    W5                                                0.000     0.000 r  CLK100MHZ (IN)
                         net (fo=0)                   0.000     0.000    CLK100MHZ
    W5                   IBUF (Prop_ibuf_I_O)         0.226     0.226 r  CLK100MHZ_IBUF_inst/O
                         net (fo=1, routed)           0.631     0.858    CLK100MHZ_IBUF
    BUFGCTRL_X0Y0        BUFG (Prop_bufg_I_O)         0.026     0.884 r  CLK100MHZ_IBUF_BUFG_inst/O
                         net (fo=162, routed)         0.585     1.468    CLK100MHZ_IBUF_BUFG
    SLICE_X62Y21         FDRE                                         r  sel_reg[1]/C
  -------------------------------------------------------------------    -------------------
    SLICE_X62Y21         FDRE (Prop_fdre_C_Q)         0.128     1.596 r  sel_reg[1]/Q
                         net (fo=10, routed)          0.299     1.895    sel_reg_n_0_[1]
    SLICE_X62Y20         LUT2 (Prop_lut2_I0_O)        0.098     1.993 r  AN_OBUF[2]_inst_i_1/O
                         net (fo=2, routed)           0.483     2.477    AN_OBUF[2]
    V4                   OBUF (Prop_obuf_I_O)         1.224     3.701 r  AN_OBUF[2]_inst/O
                         net (fo=0)                   0.000     3.701    AN[2]
    V4                                                                r  AN[2] (OUT)
  -------------------------------------------------------------------    -------------------





--------------------------------------------------------------------------------------
Path Group:  (none)
From Clock:  
  To Clock:  sys_clk_pin

Max Delay             2 Endpoints
Min Delay             2 Endpoints
--------------------------------------------------------------------------------------


Max Delay Paths
--------------------------------------------------------------------------------------
Slack:                    inf
  Source:                 RsRx
                            (input port)
  Destination:            U_RX/r_Rx_Data_R_reg/D
                            (rising edge-triggered cell FDRE clocked by sys_clk_pin  {rise@0.000ns fall@5.000ns period=10.000ns})
  Path Group:             (none)
  Path Type:              Setup (Max at Slow Process Corner)
  Data Path Delay:        6.331ns  (logic 1.456ns (23.002%)  route 4.875ns (76.998%))
  Logic Levels:           1  (IBUF=1)
  Clock Path Skew:        4.776ns (DCD - SCD + CPR)
    Destination Clock Delay (DCD):    4.776ns
    Source Clock Delay      (SCD):    0.000ns
    Clock Pessimism Removal (CPR):    0.000ns
  Clock Uncertainty:      0.025ns  ((TSJ^2 + TIJ^2)^1/2 + DJ) / 2 + PE
    Total System Jitter     (TSJ):    0.050ns
    Total Input Jitter      (TIJ):    0.000ns
    Discrete Jitter          (DJ):    0.000ns
    Phase Error              (PE):    0.000ns

    Location             Delay type                Incr(ns)  Path(ns)    Netlist Resource(s)
  -------------------------------------------------------------------    -------------------
    B18                                               0.000     0.000 r  RsRx (IN)
                         net (fo=0)                   0.000     0.000    RsRx
    B18                  IBUF (Prop_ibuf_I_O)         1.456     1.456 r  RsRx_IBUF_inst/O
                         net (fo=1, routed)           4.875     6.331    U_RX/RsRx_IBUF
    SLICE_X51Y24         FDRE                                         r  U_RX/r_Rx_Data_R_reg/D
  -------------------------------------------------------------------    -------------------

                         (clock sys_clk_pin rise edge)
                                                      0.000     0.000 r  
    W5                                                0.000     0.000 r  CLK100MHZ (IN)
                         net (fo=0)                   0.000     0.000    CLK100MHZ
    W5                   IBUF (Prop_ibuf_I_O)         1.388     1.388 r  CLK100MHZ_IBUF_inst/O
                         net (fo=1, routed)           1.862     3.250    CLK100MHZ_IBUF
    BUFGCTRL_X0Y0        BUFG (Prop_bufg_I_O)         0.091     3.341 r  CLK100MHZ_IBUF_BUFG_inst/O
                         net (fo=162, routed)         1.435     4.776    U_RX/CLK100MHZ_IBUF_BUFG
    SLICE_X51Y24         FDRE                                         r  U_RX/r_Rx_Data_R_reg/C

Slack:                    inf
  Source:                 BTN[0]
                            (input port)
  Destination:            d1_reg/D
                            (rising edge-triggered cell FDRE clocked by sys_clk_pin  {rise@0.000ns fall@5.000ns period=10.000ns})
  Path Group:             (none)
  Path Type:              Setup (Max at Slow Process Corner)
  Data Path Delay:        4.160ns  (logic 1.441ns (34.643%)  route 2.719ns (65.357%))
  Logic Levels:           1  (IBUF=1)
  Clock Path Skew:        4.848ns (DCD - SCD + CPR)
    Destination Clock Delay (DCD):    4.848ns
    Source Clock Delay      (SCD):    0.000ns
    Clock Pessimism Removal (CPR):    0.000ns
  Clock Uncertainty:      0.025ns  ((TSJ^2 + TIJ^2)^1/2 + DJ) / 2 + PE
    Total System Jitter     (TSJ):    0.050ns
    Total Input Jitter      (TIJ):    0.000ns
    Discrete Jitter          (DJ):    0.000ns
    Phase Error              (PE):    0.000ns

    Location             Delay type                Incr(ns)  Path(ns)    Netlist Resource(s)
  -------------------------------------------------------------------    -------------------
    U18                                               0.000     0.000 r  BTN[0] (IN)
                         net (fo=0)                   0.000     0.000    BTN[0]
    U18                  IBUF (Prop_ibuf_I_O)         1.441     1.441 r  BTN_IBUF[0]_inst/O
                         net (fo=1, routed)           2.719     4.160    BTN_IBUF[0]
    SLICE_X58Y19         FDRE                                         r  d1_reg/D
  -------------------------------------------------------------------    -------------------

                         (clock sys_clk_pin rise edge)
                                                      0.000     0.000 r  
    W5                                                0.000     0.000 r  CLK100MHZ (IN)
                         net (fo=0)                   0.000     0.000    CLK100MHZ
    W5                   IBUF (Prop_ibuf_I_O)         1.388     1.388 r  CLK100MHZ_IBUF_inst/O
                         net (fo=1, routed)           1.862     3.250    CLK100MHZ_IBUF
    BUFGCTRL_X0Y0        BUFG (Prop_bufg_I_O)         0.091     3.341 r  CLK100MHZ_IBUF_BUFG_inst/O
                         net (fo=162, routed)         1.507     4.848    CLK100MHZ_IBUF_BUFG
    SLICE_X58Y19         FDRE                                         r  d1_reg/C





Min Delay Paths
--------------------------------------------------------------------------------------
Slack:                    inf
  Source:                 BTN[0]
                            (input port)
  Destination:            d1_reg/D
                            (rising edge-triggered cell FDRE clocked by sys_clk_pin  {rise@0.000ns fall@5.000ns period=10.000ns})
  Path Group:             (none)
  Path Type:              Hold (Min at Fast Process Corner)
  Data Path Delay:        1.511ns  (logic 0.210ns (13.870%)  route 1.301ns (86.130%))
  Logic Levels:           1  (IBUF=1)
  Clock Path Skew:        1.981ns (DCD - SCD - CPR)
    Destination Clock Delay (DCD):    1.981ns
    Source Clock Delay      (SCD):    0.000ns
    Clock Pessimism Removal (CPR):    -0.000ns

    Location             Delay type                Incr(ns)  Path(ns)    Netlist Resource(s)
  -------------------------------------------------------------------    -------------------
    U18                                               0.000     0.000 r  BTN[0] (IN)
                         net (fo=0)                   0.000     0.000    BTN[0]
    U18                  IBUF (Prop_ibuf_I_O)         0.210     0.210 r  BTN_IBUF[0]_inst/O
                         net (fo=1, routed)           1.301     1.511    BTN_IBUF[0]
    SLICE_X58Y19         FDRE                                         r  d1_reg/D
  -------------------------------------------------------------------    -------------------

                         (clock sys_clk_pin rise edge)
                                                      0.000     0.000 r  
    W5                                                0.000     0.000 r  CLK100MHZ (IN)
                         net (fo=0)                   0.000     0.000    CLK100MHZ
    W5                   IBUF (Prop_ibuf_I_O)         0.414     0.414 r  CLK100MHZ_IBUF_inst/O
                         net (fo=1, routed)           0.685     1.099    CLK100MHZ_IBUF
    BUFGCTRL_X0Y0        BUFG (Prop_bufg_I_O)         0.029     1.128 r  CLK100MHZ_IBUF_BUFG_inst/O
                         net (fo=162, routed)         0.854     1.981    CLK100MHZ_IBUF_BUFG
    SLICE_X58Y19         FDRE                                         r  d1_reg/C

Slack:                    inf
  Source:                 RsRx
                            (input port)
  Destination:            U_RX/r_Rx_Data_R_reg/D
                            (rising edge-triggered cell FDRE clocked by sys_clk_pin  {rise@0.000ns fall@5.000ns period=10.000ns})
  Path Group:             (none)
  Path Type:              Hold (Min at Fast Process Corner)
  Data Path Delay:        2.399ns  (logic 0.224ns (9.349%)  route 2.175ns (90.651%))
  Logic Levels:           1  (IBUF=1)
  Clock Path Skew:        1.948ns (DCD - SCD - CPR)
    Destination Clock Delay (DCD):    1.948ns
    Source Clock Delay      (SCD):    0.000ns
    Clock Pessimism Removal (CPR):    -0.000ns

    Location             Delay type                Incr(ns)  Path(ns)    Netlist Resource(s)
  -------------------------------------------------------------------    -------------------
    B18                                               0.000     0.000 r  RsRx (IN)
                         net (fo=0)                   0.000     0.000    RsRx
    B18                  IBUF (Prop_ibuf_I_O)         0.224     0.224 r  RsRx_IBUF_inst/O
                         net (fo=1, routed)           2.175     2.399    U_RX/RsRx_IBUF
    SLICE_X51Y24         FDRE                                         r  U_RX/r_Rx_Data_R_reg/D
  -------------------------------------------------------------------    -------------------

                         (clock sys_clk_pin rise edge)
                                                      0.000     0.000 r  
    W5                                                0.000     0.000 r  CLK100MHZ (IN)
                         net (fo=0)                   0.000     0.000    CLK100MHZ
    W5                   IBUF (Prop_ibuf_I_O)         0.414     0.414 r  CLK100MHZ_IBUF_inst/O
                         net (fo=1, routed)           0.685     1.099    CLK100MHZ_IBUF
    BUFGCTRL_X0Y0        BUFG (Prop_bufg_I_O)         0.029     1.128 r  CLK100MHZ_IBUF_BUFG_inst/O
                         net (fo=162, routed)         0.821     1.948    U_RX/CLK100MHZ_IBUF_BUFG
    SLICE_X51Y24         FDRE                                         r  U_RX/r_Rx_Data_R_reg/C





