Copyright 1986-2022 Xilinx, Inc. All Rights Reserved. Copyright 2022-2025 Advanced Micro Devices, Inc. All Rights Reserved.
---------------------------------------------------------------------------------------------------------------------------------------------------------------------------------------------------------------------
| Tool Version : Vivado v.2025.1 (win64) Build 6140274 Thu May 22 00:12:29 MDT 2025
| Date         : Tue Dec 16 00:18:14 2025
| Host         : TrungPC running 64-bit major release  (build 9200)
| Command      : report_timing_summary -max_paths 10 -routable_nets -report_unconstrained -file top_timing_summary_routed.rpt -pb top_timing_summary_routed.pb -rpx top_timing_summary_routed.rpx -warn_on_violation
| Design       : top
| Device       : 7a35t-cpg236
| Speed File   : -1  PRODUCTION 1.23 2018-06-13
| Design State : Routed
---------------------------------------------------------------------------------------------------------------------------------------------------------------------------------------------------------------------

Timing Summary Report

------------------------------------------------------------------------------------------------
| Timer Settings
| --------------
------------------------------------------------------------------------------------------------

  Enable Multi Corner Analysis               :  Yes
  Enable Pessimism Removal                   :  Yes
  Pessimism Removal Resolution               :  Nearest Common Node
  Enable Input Delay Default Clock           :  No
  Enable Preset / Clear Arcs                 :  No
  Disable Flight Delays                      :  No
  Ignore I/O Paths                           :  No
  Timing Early Launch at Borrowing Latches   :  No
  Borrow Time for Max Delay Exceptions       :  Yes
  Merge Timing Exceptions                    :  Yes
  Inter-SLR Compensation                     :  Conservative

  Corner  Analyze    Analyze    
  Name    Max Paths  Min Paths  
  ------  ---------  ---------  
  Slow    Yes        Yes        
  Fast    Yes        Yes        


------------------------------------------------------------------------------------------------
| Report Methodology
| ------------------
------------------------------------------------------------------------------------------------

Rule       Severity  Description                    Violations  
---------  --------  -----------------------------  ----------  
TIMING-18  Warning   Missing input or output delay  32          

Note: This report is based on the most recent report_methodology run and may not be up-to-date. Run report_methodology on the current design for the latest report.



check_timing report

Table of Contents
-----------------
1. checking no_clock (0)
2. checking constant_clock (0)
3. checking pulse_width_clock (0)
4. checking unconstrained_internal_endpoints (0)
5. checking no_input_delay (5)
6. checking no_output_delay (27)
7. checking multiple_clock (0)
8. checking generated_clocks (0)
9. checking loops (0)
10. checking partial_input_delay (0)
11. checking partial_output_delay (0)
12. checking latch_loops (0)

1. checking no_clock (0)
------------------------
 There are 0 register/latch pins with no clock.


2. checking constant_clock (0)
------------------------------
 There are 0 register/latch pins with constant_clock.


3. checking pulse_width_clock (0)
---------------------------------
 There are 0 register/latch pins which need pulse_width check


4. checking unconstrained_internal_endpoints (0)
------------------------------------------------
 There are 0 pins that are not constrained for maximum delay.

 There are 0 pins that are not constrained for maximum delay due to constant clock.


5. checking no_input_delay (5)
------------------------------
 There are 5 input ports with no input delay specified. (HIGH)

 There are 0 input ports with no input delay but user has a false path constraint.


6. checking no_output_delay (27)
--------------------------------
 There are 27 ports with no output delay specified. (HIGH)

 There are 0 ports with no output delay but user has a false path constraint

 There are 0 ports with no output delay but with a timing clock defined on it or propagating through it


7. checking multiple_clock (0)
------------------------------
 There are 0 register/latch pins with multiple clocks.


8. checking generated_clocks (0)
--------------------------------
 There are 0 generated clocks that are not connected to a clock source.


9. checking loops (0)
---------------------
 There are 0 combinational loops in the design.


10. checking partial_input_delay (0)
------------------------------------
 There are 0 input ports with partial input delay specified.


11. checking partial_output_delay (0)
-------------------------------------
 There are 0 ports with partial output delay specified.


12. checking latch_loops (0)
----------------------------
 There are 0 combinational latch loops in the design through latch input



------------------------------------------------------------------------------------------------
| Design Timing Summary
| ---------------------
------------------------------------------------------------------------------------------------

    WNS(ns)      TNS(ns)  TNS Failing Endpoints  TNS Total Endpoints      WHS(ns)      THS(ns)  THS Failing Endpoints  THS Total Endpoints     WPWS(ns)     TPWS(ns)  TPWS Failing Endpoints  TPWS Total Endpoints  
    -------      -------  ---------------------  -------------------      -------      -------  ---------------------  -------------------     --------     --------  ----------------------  --------------------  
      4.887        0.000                      0                  361        0.140        0.000                      0                  361        4.500        0.000                       0                   240  


All user specified timing constraints are met.


------------------------------------------------------------------------------------------------
| Clock Summary
| -------------
------------------------------------------------------------------------------------------------

Clock        Waveform(ns)       Period(ns)      Frequency(MHz)
-----        ------------       ----------      --------------
sys_clk_pin  {0.000 5.000}      10.000          100.000         


------------------------------------------------------------------------------------------------
| Intra Clock Table
| -----------------
------------------------------------------------------------------------------------------------

Clock             WNS(ns)      TNS(ns)  TNS Failing Endpoints  TNS Total Endpoints      WHS(ns)      THS(ns)  THS Failing Endpoints  THS Total Endpoints     WPWS(ns)     TPWS(ns)  TPWS Failing Endpoints  TPWS Total Endpoints  
-----             -------      -------  ---------------------  -------------------      -------      -------  ---------------------  -------------------     --------     --------  ----------------------  --------------------  
sys_clk_pin         4.887        0.000                      0                  361        0.140        0.000                      0                  361        4.500        0.000                       0                   240  


------------------------------------------------------------------------------------------------
| Inter Clock Table
| -----------------
------------------------------------------------------------------------------------------------

From Clock    To Clock          WNS(ns)      TNS(ns)  TNS Failing Endpoints  TNS Total Endpoints      WHS(ns)      THS(ns)  THS Failing Endpoints  THS Total Endpoints  
----------    --------          -------      -------  ---------------------  -------------------      -------      -------  ---------------------  -------------------  


------------------------------------------------------------------------------------------------
| Other Path Groups Table
| -----------------------
------------------------------------------------------------------------------------------------

Path Group    From Clock    To Clock          WNS(ns)      TNS(ns)  TNS Failing Endpoints  TNS Total Endpoints      WHS(ns)      THS(ns)  THS Failing Endpoints  THS Total Endpoints  
----------    ----------    --------          -------      -------  ---------------------  -------------------      -------      -------  ---------------------  -------------------  


------------------------------------------------------------------------------------------------
| User Ignored Path Table
| -----------------------
------------------------------------------------------------------------------------------------

Path Group    From Clock    To Clock    
----------    ----------    --------    


------------------------------------------------------------------------------------------------
| Unconstrained Path Table
| ------------------------
------------------------------------------------------------------------------------------------

Path Group    From Clock    To Clock    
----------    ----------    --------    
(none)        sys_clk_pin                 
(none)                      sys_clk_pin   


------------------------------------------------------------------------------------------------
| Timing Details
| --------------
------------------------------------------------------------------------------------------------


---------------------------------------------------------------------------------------------------
From Clock:  sys_clk_pin
  To Clock:  sys_clk_pin

Setup :            0  Failing Endpoints,  Worst Slack        4.887ns,  Total Violation        0.000ns
Hold  :            0  Failing Endpoints,  Worst Slack        0.140ns,  Total Violation        0.000ns
PW    :            0  Failing Endpoints,  Worst Slack        4.500ns,  Total Violation        0.000ns
---------------------------------------------------------------------------------------------------


Max Delay Paths
--------------------------------------------------------------------------------------
Slack (MET) :             4.887ns  (required time - arrival time)
  Source:                 u_countdown/running_reg/C
                            (rising edge-triggered cell FDRE clocked by sys_clk_pin  {rise@0.000ns fall@5.000ns period=10.000ns})
  Destination:            u_seg/cur_value_reg[2]/D
                            (rising edge-triggered cell FDRE clocked by sys_clk_pin  {rise@0.000ns fall@5.000ns period=10.000ns})
  Path Group:             sys_clk_pin
  Path Type:              Setup (Max at Slow Process Corner)
  Requirement:            10.000ns  (sys_clk_pin rise@10.000ns - sys_clk_pin rise@0.000ns)
  Data Path Delay:        5.082ns  (logic 1.320ns (25.975%)  route 3.762ns (74.025%))
  Logic Levels:           4  (LUT4=1 LUT6=3)
  Clock Path Skew:        -0.027ns (DCD - SCD + CPR)
    Destination Clock Delay (DCD):    4.844ns = ( 14.844 - 10.000 ) 
    Source Clock Delay      (SCD):    5.145ns
    Clock Pessimism Removal (CPR):    0.274ns
  Clock Uncertainty:      0.035ns  ((TSJ^2 + TIJ^2)^1/2 + DJ) / 2 + PE
    Total System Jitter     (TSJ):    0.071ns
    Total Input Jitter      (TIJ):    0.000ns
    Discrete Jitter          (DJ):    0.000ns
    Phase Error              (PE):    0.000ns

    Location             Delay type                Incr(ns)  Path(ns)    Netlist Resource(s)
  -------------------------------------------------------------------    -------------------
                         (clock sys_clk_pin rise edge)
                                                      0.000     0.000 r  
    W5                                                0.000     0.000 r  clk (IN)
                         net (fo=0)                   0.000     0.000    clk
    W5                   IBUF (Prop_ibuf_I_O)         1.458     1.458 r  clk_IBUF_inst/O
                         net (fo=1, routed)           1.967     3.425    clk_IBUF
    BUFGCTRL_X0Y0        BUFG (Prop_bufg_I_O)         0.096     3.521 r  clk_IBUF_BUFG_inst/O
                         net (fo=239, routed)         1.624     5.145    u_countdown/clk_IBUF_BUFG
    SLICE_X58Y20         FDRE                                         r  u_countdown/running_reg/C
  -------------------------------------------------------------------    -------------------
    SLICE_X58Y20         FDRE (Prop_fdre_C_Q)         0.419     5.564 f  u_countdown/running_reg/Q
                         net (fo=31, routed)          1.849     7.414    u_countdown/running_reg_0
    SLICE_X56Y23         LUT4 (Prop_lut4_I1_O)        0.325     7.739 f  u_countdown/cur_value[1]_i_17/O
                         net (fo=2, routed)           0.695     8.434    u_countdown/cur_value[1]_i_17_n_0
    SLICE_X60Y20         LUT6 (Prop_lut6_I0_O)        0.328     8.762 f  u_countdown/cur_value[2]_i_17/O
                         net (fo=1, routed)           0.670     9.432    u_fsm/cur_value_reg[2]_1
    SLICE_X60Y20         LUT6 (Prop_lut6_I0_O)        0.124     9.556 f  u_fsm/cur_value[2]_i_5/O
                         net (fo=1, routed)           0.547    10.103    u_fsm/cur_value[2]_i_5_n_0
    SLICE_X61Y23         LUT6 (Prop_lut6_I5_O)        0.124    10.227 r  u_fsm/cur_value[2]_i_1/O
                         net (fo=1, routed)           0.000    10.227    u_seg/D[2]
    SLICE_X61Y23         FDRE                                         r  u_seg/cur_value_reg[2]/D
  -------------------------------------------------------------------    -------------------

                         (clock sys_clk_pin rise edge)
                                                     10.000    10.000 r  
    W5                                                0.000    10.000 r  clk (IN)
                         net (fo=0)                   0.000    10.000    clk
    W5                   IBUF (Prop_ibuf_I_O)         1.388    11.388 r  clk_IBUF_inst/O
                         net (fo=1, routed)           1.862    13.250    clk_IBUF
    BUFGCTRL_X0Y0        BUFG (Prop_bufg_I_O)         0.091    13.341 r  clk_IBUF_BUFG_inst/O
                         net (fo=239, routed)         1.503    14.844    u_seg/clk_IBUF_BUFG
    SLICE_X61Y23         FDRE                                         r  u_seg/cur_value_reg[2]/C
                         clock pessimism              0.274    15.118    
                         clock uncertainty           -0.035    15.083    
    SLICE_X61Y23         FDRE (Setup_fdre_C_D)        0.031    15.114    u_seg/cur_value_reg[2]
  -------------------------------------------------------------------
                         required time                         15.114    
                         arrival time                         -10.227    
  -------------------------------------------------------------------
                         slack                                  4.887    

Slack (MET) :             4.982ns  (required time - arrival time)
  Source:                 u_countdown/running_reg/C
                            (rising edge-triggered cell FDRE clocked by sys_clk_pin  {rise@0.000ns fall@5.000ns period=10.000ns})
  Destination:            u_seg/cur_value_reg[3]/D
                            (rising edge-triggered cell FDRE clocked by sys_clk_pin  {rise@0.000ns fall@5.000ns period=10.000ns})
  Path Group:             sys_clk_pin
  Path Type:              Setup (Max at Slow Process Corner)
  Requirement:            10.000ns  (sys_clk_pin rise@10.000ns - sys_clk_pin rise@0.000ns)
  Data Path Delay:        4.988ns  (logic 1.090ns (21.854%)  route 3.898ns (78.146%))
  Logic Levels:           4  (LUT6=4)
  Clock Path Skew:        -0.026ns (DCD - SCD + CPR)
    Destination Clock Delay (DCD):    4.845ns = ( 14.845 - 10.000 ) 
    Source Clock Delay      (SCD):    5.145ns
    Clock Pessimism Removal (CPR):    0.274ns
  Clock Uncertainty:      0.035ns  ((TSJ^2 + TIJ^2)^1/2 + DJ) / 2 + PE
    Total System Jitter     (TSJ):    0.071ns
    Total Input Jitter      (TIJ):    0.000ns
    Discrete Jitter          (DJ):    0.000ns
    Phase Error              (PE):    0.000ns

    Location             Delay type                Incr(ns)  Path(ns)    Netlist Resource(s)
  -------------------------------------------------------------------    -------------------
                         (clock sys_clk_pin rise edge)
                                                      0.000     0.000 r  
    W5                                                0.000     0.000 r  clk (IN)
                         net (fo=0)                   0.000     0.000    clk
    W5                   IBUF (Prop_ibuf_I_O)         1.458     1.458 r  clk_IBUF_inst/O
                         net (fo=1, routed)           1.967     3.425    clk_IBUF
    BUFGCTRL_X0Y0        BUFG (Prop_bufg_I_O)         0.096     3.521 r  clk_IBUF_BUFG_inst/O
                         net (fo=239, routed)         1.624     5.145    u_countdown/clk_IBUF_BUFG
    SLICE_X58Y20         FDRE                                         r  u_countdown/running_reg/C
  -------------------------------------------------------------------    -------------------
    SLICE_X58Y20         FDRE (Prop_fdre_C_Q)         0.419     5.564 f  u_countdown/running_reg/Q
                         net (fo=31, routed)          1.644     7.208    u_fsm/set_sel_reg_3
    SLICE_X57Y21         LUT6 (Prop_lut6_I3_O)        0.299     7.507 r  u_fsm/cur_value[2]_i_14/O
                         net (fo=6, routed)           1.277     8.785    u_fsm/cur_value[2]_i_14_n_0
    SLICE_X60Y23         LUT6 (Prop_lut6_I0_O)        0.124     8.909 r  u_fsm/cur_value[3]_i_16/O
                         net (fo=1, routed)           0.403     9.312    u_fsm/cur_value[3]_i_16_n_0
    SLICE_X61Y22         LUT6 (Prop_lut6_I5_O)        0.124     9.436 r  u_fsm/cur_value[3]_i_7/O
                         net (fo=1, routed)           0.573    10.009    u_fsm/cur_value[3]_i_7_n_0
    SLICE_X61Y22         LUT6 (Prop_lut6_I5_O)        0.124    10.133 r  u_fsm/cur_value[3]_i_1/O
                         net (fo=1, routed)           0.000    10.133    u_seg/D[3]
    SLICE_X61Y22         FDRE                                         r  u_seg/cur_value_reg[3]/D
  -------------------------------------------------------------------    -------------------

                         (clock sys_clk_pin rise edge)
                                                     10.000    10.000 r  
    W5                                                0.000    10.000 r  clk (IN)
                         net (fo=0)                   0.000    10.000    clk
    W5                   IBUF (Prop_ibuf_I_O)         1.388    11.388 r  clk_IBUF_inst/O
                         net (fo=1, routed)           1.862    13.250    clk_IBUF
    BUFGCTRL_X0Y0        BUFG (Prop_bufg_I_O)         0.091    13.341 r  clk_IBUF_BUFG_inst/O
                         net (fo=239, routed)         1.504    14.845    u_seg/clk_IBUF_BUFG
    SLICE_X61Y22         FDRE                                         r  u_seg/cur_value_reg[3]/C
                         clock pessimism              0.274    15.119    
                         clock uncertainty           -0.035    15.084    
    SLICE_X61Y22         FDRE (Setup_fdre_C_D)        0.031    15.115    u_seg/cur_value_reg[3]
  -------------------------------------------------------------------
                         required time                         15.115    
                         arrival time                         -10.133    
  -------------------------------------------------------------------
                         slack                                  4.982    

Slack (MET) :             5.006ns  (required time - arrival time)
  Source:                 u_fsm/mode_reg[2]/C
                            (rising edge-triggered cell FDRE clocked by sys_clk_pin  {rise@0.000ns fall@5.000ns period=10.000ns})
  Destination:            u_stopwatch/sec_reg[0]/R
                            (rising edge-triggered cell FDRE clocked by sys_clk_pin  {rise@0.000ns fall@5.000ns period=10.000ns})
  Path Group:             sys_clk_pin
  Path Type:              Setup (Max at Slow Process Corner)
  Requirement:            10.000ns  (sys_clk_pin rise@10.000ns - sys_clk_pin rise@0.000ns)
  Data Path Delay:        4.504ns  (logic 1.128ns (25.047%)  route 3.376ns (74.953%))
  Logic Levels:           2  (LUT3=1 LUT6=1)
  Clock Path Skew:        -0.026ns (DCD - SCD + CPR)
    Destination Clock Delay (DCD):    4.779ns = ( 14.779 - 10.000 ) 
    Source Clock Delay      (SCD):    5.078ns
    Clock Pessimism Removal (CPR):    0.273ns
  Clock Uncertainty:      0.035ns  ((TSJ^2 + TIJ^2)^1/2 + DJ) / 2 + PE
    Total System Jitter     (TSJ):    0.071ns
    Total Input Jitter      (TIJ):    0.000ns
    Discrete Jitter          (DJ):    0.000ns
    Phase Error              (PE):    0.000ns

    Location             Delay type                Incr(ns)  Path(ns)    Netlist Resource(s)
  -------------------------------------------------------------------    -------------------
                         (clock sys_clk_pin rise edge)
                                                      0.000     0.000 r  
    W5                                                0.000     0.000 r  clk (IN)
                         net (fo=0)                   0.000     0.000    clk
    W5                   IBUF (Prop_ibuf_I_O)         1.458     1.458 r  clk_IBUF_inst/O
                         net (fo=1, routed)           1.967     3.425    clk_IBUF
    BUFGCTRL_X0Y0        BUFG (Prop_bufg_I_O)         0.096     3.521 r  clk_IBUF_BUFG_inst/O
                         net (fo=239, routed)         1.557     5.078    u_fsm/clk_IBUF_BUFG
    SLICE_X56Y21         FDRE                                         r  u_fsm/mode_reg[2]/C
  -------------------------------------------------------------------    -------------------
    SLICE_X56Y21         FDRE (Prop_fdre_C_Q)         0.478     5.556 r  u_fsm/mode_reg[2]/Q
                         net (fo=49, routed)          1.532     7.089    u_fsm/mode[2]
    SLICE_X59Y23         LUT3 (Prop_lut3_I1_O)        0.324     7.413 r  u_fsm/sec[5]_i_4/O
                         net (fo=6, routed)           0.609     8.022    u_stopwatch/running_reg_1
    SLICE_X58Y22         LUT6 (Prop_lut6_I0_O)        0.326     8.348 r  u_stopwatch/sec[5]_i_1__1/O
                         net (fo=6, routed)           1.234     9.582    u_stopwatch/sec[5]_i_1__1_n_0
    SLICE_X57Y23         FDRE                                         r  u_stopwatch/sec_reg[0]/R
  -------------------------------------------------------------------    -------------------

                         (clock sys_clk_pin rise edge)
                                                     10.000    10.000 r  
    W5                                                0.000    10.000 r  clk (IN)
                         net (fo=0)                   0.000    10.000    clk
    W5                   IBUF (Prop_ibuf_I_O)         1.388    11.388 r  clk_IBUF_inst/O
                         net (fo=1, routed)           1.862    13.250    clk_IBUF
    BUFGCTRL_X0Y0        BUFG (Prop_bufg_I_O)         0.091    13.341 r  clk_IBUF_BUFG_inst/O
                         net (fo=239, routed)         1.438    14.779    u_stopwatch/clk_IBUF_BUFG
    SLICE_X57Y23         FDRE                                         r  u_stopwatch/sec_reg[0]/C
                         clock pessimism              0.273    15.052    
                         clock uncertainty           -0.035    15.017    
    SLICE_X57Y23         FDRE (Setup_fdre_C_R)       -0.429    14.588    u_stopwatch/sec_reg[0]
  -------------------------------------------------------------------
                         required time                         14.588    
                         arrival time                          -9.582    
  -------------------------------------------------------------------
                         slack                                  5.006    

Slack (MET) :             5.006ns  (required time - arrival time)
  Source:                 u_fsm/mode_reg[2]/C
                            (rising edge-triggered cell FDRE clocked by sys_clk_pin  {rise@0.000ns fall@5.000ns period=10.000ns})
  Destination:            u_stopwatch/sec_reg[1]/R
                            (rising edge-triggered cell FDRE clocked by sys_clk_pin  {rise@0.000ns fall@5.000ns period=10.000ns})
  Path Group:             sys_clk_pin
  Path Type:              Setup (Max at Slow Process Corner)
  Requirement:            10.000ns  (sys_clk_pin rise@10.000ns - sys_clk_pin rise@0.000ns)
  Data Path Delay:        4.504ns  (logic 1.128ns (25.047%)  route 3.376ns (74.953%))
  Logic Levels:           2  (LUT3=1 LUT6=1)
  Clock Path Skew:        -0.026ns (DCD - SCD + CPR)
    Destination Clock Delay (DCD):    4.779ns = ( 14.779 - 10.000 ) 
    Source Clock Delay      (SCD):    5.078ns
    Clock Pessimism Removal (CPR):    0.273ns
  Clock Uncertainty:      0.035ns  ((TSJ^2 + TIJ^2)^1/2 + DJ) / 2 + PE
    Total System Jitter     (TSJ):    0.071ns
    Total Input Jitter      (TIJ):    0.000ns
    Discrete Jitter          (DJ):    0.000ns
    Phase Error              (PE):    0.000ns

    Location             Delay type                Incr(ns)  Path(ns)    Netlist Resource(s)
  -------------------------------------------------------------------    -------------------
                         (clock sys_clk_pin rise edge)
                                                      0.000     0.000 r  
    W5                                                0.000     0.000 r  clk (IN)
                         net (fo=0)                   0.000     0.000    clk
    W5                   IBUF (Prop_ibuf_I_O)         1.458     1.458 r  clk_IBUF_inst/O
                         net (fo=1, routed)           1.967     3.425    clk_IBUF
    BUFGCTRL_X0Y0        BUFG (Prop_bufg_I_O)         0.096     3.521 r  clk_IBUF_BUFG_inst/O
                         net (fo=239, routed)         1.557     5.078    u_fsm/clk_IBUF_BUFG
    SLICE_X56Y21         FDRE                                         r  u_fsm/mode_reg[2]/C
  -------------------------------------------------------------------    -------------------
    SLICE_X56Y21         FDRE (Prop_fdre_C_Q)         0.478     5.556 r  u_fsm/mode_reg[2]/Q
                         net (fo=49, routed)          1.532     7.089    u_fsm/mode[2]
    SLICE_X59Y23         LUT3 (Prop_lut3_I1_O)        0.324     7.413 r  u_fsm/sec[5]_i_4/O
                         net (fo=6, routed)           0.609     8.022    u_stopwatch/running_reg_1
    SLICE_X58Y22         LUT6 (Prop_lut6_I0_O)        0.326     8.348 r  u_stopwatch/sec[5]_i_1__1/O
                         net (fo=6, routed)           1.234     9.582    u_stopwatch/sec[5]_i_1__1_n_0
    SLICE_X57Y23         FDRE                                         r  u_stopwatch/sec_reg[1]/R
  -------------------------------------------------------------------    -------------------

                         (clock sys_clk_pin rise edge)
                                                     10.000    10.000 r  
    W5                                                0.000    10.000 r  clk (IN)
                         net (fo=0)                   0.000    10.000    clk
    W5                   IBUF (Prop_ibuf_I_O)         1.388    11.388 r  clk_IBUF_inst/O
                         net (fo=1, routed)           1.862    13.250    clk_IBUF
    BUFGCTRL_X0Y0        BUFG (Prop_bufg_I_O)         0.091    13.341 r  clk_IBUF_BUFG_inst/O
                         net (fo=239, routed)         1.438    14.779    u_stopwatch/clk_IBUF_BUFG
    SLICE_X57Y23         FDRE                                         r  u_stopwatch/sec_reg[1]/C
                         clock pessimism              0.273    15.052    
                         clock uncertainty           -0.035    15.017    
    SLICE_X57Y23         FDRE (Setup_fdre_C_R)       -0.429    14.588    u_stopwatch/sec_reg[1]
  -------------------------------------------------------------------
                         required time                         14.588    
                         arrival time                          -9.582    
  -------------------------------------------------------------------
                         slack                                  5.006    

Slack (MET) :             5.009ns  (required time - arrival time)
  Source:                 u_countdown/sec_reg[3]/C
                            (rising edge-triggered cell FDRE clocked by sys_clk_pin  {rise@0.000ns fall@5.000ns period=10.000ns})
  Destination:            u_countdown/sec_reg[3]/D
                            (rising edge-triggered cell FDRE clocked by sys_clk_pin  {rise@0.000ns fall@5.000ns period=10.000ns})
  Path Group:             sys_clk_pin
  Path Type:              Setup (Max at Slow Process Corner)
  Requirement:            10.000ns  (sys_clk_pin rise@10.000ns - sys_clk_pin rise@0.000ns)
  Data Path Delay:        5.033ns  (logic 1.502ns (29.842%)  route 3.531ns (70.158%))
  Logic Levels:           4  (LUT4=1 LUT5=1 LUT6=2)
  Clock Path Skew:        0.000ns (DCD - SCD + CPR)
    Destination Clock Delay (DCD):    4.779ns = ( 14.779 - 10.000 ) 
    Source Clock Delay      (SCD):    5.075ns
    Clock Pessimism Removal (CPR):    0.296ns
  Clock Uncertainty:      0.035ns  ((TSJ^2 + TIJ^2)^1/2 + DJ) / 2 + PE
    Total System Jitter     (TSJ):    0.071ns
    Total Input Jitter      (TIJ):    0.000ns
    Discrete Jitter          (DJ):    0.000ns
    Phase Error              (PE):    0.000ns

    Location             Delay type                Incr(ns)  Path(ns)    Netlist Resource(s)
  -------------------------------------------------------------------    -------------------
                         (clock sys_clk_pin rise edge)
                                                      0.000     0.000 r  
    W5                                                0.000     0.000 r  clk (IN)
                         net (fo=0)                   0.000     0.000    clk
    W5                   IBUF (Prop_ibuf_I_O)         1.458     1.458 r  clk_IBUF_inst/O
                         net (fo=1, routed)           1.967     3.425    clk_IBUF
    BUFGCTRL_X0Y0        BUFG (Prop_bufg_I_O)         0.096     3.521 r  clk_IBUF_BUFG_inst/O
                         net (fo=239, routed)         1.554     5.075    u_countdown/clk_IBUF_BUFG
    SLICE_X54Y22         FDRE                                         r  u_countdown/sec_reg[3]/C
  -------------------------------------------------------------------    -------------------
    SLICE_X54Y22         FDRE (Prop_fdre_C_Q)         0.518     5.593 r  u_countdown/sec_reg[3]/Q
                         net (fo=14, routed)          1.025     6.619    u_countdown/sec_reg_n_0_[3]
    SLICE_X55Y20         LUT6 (Prop_lut6_I1_O)        0.124     6.743 f  u_countdown/finished_i_5/O
                         net (fo=7, routed)           0.829     7.572    u_countdown/sec_reg[5]_0
    SLICE_X55Y19         LUT4 (Prop_lut4_I0_O)        0.152     7.724 f  u_countdown/sec[5]_i_6__0/O
                         net (fo=6, routed)           0.993     8.717    u_countdown/sec[5]_i_6__0_n_0
    SLICE_X54Y22         LUT5 (Prop_lut5_I0_O)        0.360     9.077 r  u_countdown/sec[3]_i_2/O
                         net (fo=1, routed)           0.684     9.760    u_countdown/sec[3]_i_2_n_0
    SLICE_X54Y22         LUT6 (Prop_lut6_I0_O)        0.348    10.108 r  u_countdown/sec[3]_i_1/O
                         net (fo=1, routed)           0.000    10.108    u_countdown/sec[3]_i_1_n_0
    SLICE_X54Y22         FDRE                                         r  u_countdown/sec_reg[3]/D
  -------------------------------------------------------------------    -------------------

                         (clock sys_clk_pin rise edge)
                                                     10.000    10.000 r  
    W5                                                0.000    10.000 r  clk (IN)
                         net (fo=0)                   0.000    10.000    clk
    W5                   IBUF (Prop_ibuf_I_O)         1.388    11.388 r  clk_IBUF_inst/O
                         net (fo=1, routed)           1.862    13.250    clk_IBUF
    BUFGCTRL_X0Y0        BUFG (Prop_bufg_I_O)         0.091    13.341 r  clk_IBUF_BUFG_inst/O
                         net (fo=239, routed)         1.438    14.779    u_countdown/clk_IBUF_BUFG
    SLICE_X54Y22         FDRE                                         r  u_countdown/sec_reg[3]/C
                         clock pessimism              0.296    15.075    
                         clock uncertainty           -0.035    15.040    
    SLICE_X54Y22         FDRE (Setup_fdre_C_D)        0.077    15.117    u_countdown/sec_reg[3]
  -------------------------------------------------------------------
                         required time                         15.117    
                         arrival time                         -10.108    
  -------------------------------------------------------------------
                         slack                                  5.009    

Slack (MET) :             5.105ns  (required time - arrival time)
  Source:                 u_countdown/running_reg/C
                            (rising edge-triggered cell FDRE clocked by sys_clk_pin  {rise@0.000ns fall@5.000ns period=10.000ns})
  Destination:            u_seg/cur_value_reg[1]/D
                            (rising edge-triggered cell FDRE clocked by sys_clk_pin  {rise@0.000ns fall@5.000ns period=10.000ns})
  Path Group:             sys_clk_pin
  Path Type:              Setup (Max at Slow Process Corner)
  Requirement:            10.000ns  (sys_clk_pin rise@10.000ns - sys_clk_pin rise@0.000ns)
  Data Path Delay:        4.862ns  (logic 1.196ns (24.598%)  route 3.666ns (75.402%))
  Logic Levels:           3  (LUT4=1 LUT6=2)
  Clock Path Skew:        -0.026ns (DCD - SCD + CPR)
    Destination Clock Delay (DCD):    4.845ns = ( 14.845 - 10.000 ) 
    Source Clock Delay      (SCD):    5.145ns
    Clock Pessimism Removal (CPR):    0.274ns
  Clock Uncertainty:      0.035ns  ((TSJ^2 + TIJ^2)^1/2 + DJ) / 2 + PE
    Total System Jitter     (TSJ):    0.071ns
    Total Input Jitter      (TIJ):    0.000ns
    Discrete Jitter          (DJ):    0.000ns
    Phase Error              (PE):    0.000ns

    Location             Delay type                Incr(ns)  Path(ns)    Netlist Resource(s)
  -------------------------------------------------------------------    -------------------
                         (clock sys_clk_pin rise edge)
                                                      0.000     0.000 r  
    W5                                                0.000     0.000 r  clk (IN)
                         net (fo=0)                   0.000     0.000    clk
    W5                   IBUF (Prop_ibuf_I_O)         1.458     1.458 r  clk_IBUF_inst/O
                         net (fo=1, routed)           1.967     3.425    clk_IBUF
    BUFGCTRL_X0Y0        BUFG (Prop_bufg_I_O)         0.096     3.521 r  clk_IBUF_BUFG_inst/O
                         net (fo=239, routed)         1.624     5.145    u_countdown/clk_IBUF_BUFG
    SLICE_X58Y20         FDRE                                         r  u_countdown/running_reg/C
  -------------------------------------------------------------------    -------------------
    SLICE_X58Y20         FDRE (Prop_fdre_C_Q)         0.419     5.564 f  u_countdown/running_reg/Q
                         net (fo=31, routed)          1.849     7.414    u_countdown/running_reg_0
    SLICE_X56Y23         LUT4 (Prop_lut4_I1_O)        0.325     7.739 f  u_countdown/cur_value[1]_i_17/O
                         net (fo=2, routed)           1.184     8.922    u_countdown/cur_value[1]_i_17_n_0
    SLICE_X60Y21         LUT6 (Prop_lut6_I1_O)        0.328     9.250 f  u_countdown/cur_value[1]_i_5/O
                         net (fo=1, routed)           0.633     9.884    u_fsm/cur_value_reg[1]
    SLICE_X61Y22         LUT6 (Prop_lut6_I5_O)        0.124    10.008 r  u_fsm/cur_value[1]_i_1/O
                         net (fo=1, routed)           0.000    10.008    u_seg/D[1]
    SLICE_X61Y22         FDRE                                         r  u_seg/cur_value_reg[1]/D
  -------------------------------------------------------------------    -------------------

                         (clock sys_clk_pin rise edge)
                                                     10.000    10.000 r  
    W5                                                0.000    10.000 r  clk (IN)
                         net (fo=0)                   0.000    10.000    clk
    W5                   IBUF (Prop_ibuf_I_O)         1.388    11.388 r  clk_IBUF_inst/O
                         net (fo=1, routed)           1.862    13.250    clk_IBUF
    BUFGCTRL_X0Y0        BUFG (Prop_bufg_I_O)         0.091    13.341 r  clk_IBUF_BUFG_inst/O
                         net (fo=239, routed)         1.504    14.845    u_seg/clk_IBUF_BUFG
    SLICE_X61Y22         FDRE                                         r  u_seg/cur_value_reg[1]/C
                         clock pessimism              0.274    15.119    
                         clock uncertainty           -0.035    15.084    
    SLICE_X61Y22         FDRE (Setup_fdre_C_D)        0.029    15.113    u_seg/cur_value_reg[1]
  -------------------------------------------------------------------
                         required time                         15.113    
                         arrival time                         -10.007    
  -------------------------------------------------------------------
                         slack                                  5.105    

Slack (MET) :             5.251ns  (required time - arrival time)
  Source:                 u_countdown/running_reg/C
                            (rising edge-triggered cell FDRE clocked by sys_clk_pin  {rise@0.000ns fall@5.000ns period=10.000ns})
  Destination:            u_countdown/min_reg[3]/D
                            (rising edge-triggered cell FDRE clocked by sys_clk_pin  {rise@0.000ns fall@5.000ns period=10.000ns})
  Path Group:             sys_clk_pin
  Path Type:              Setup (Max at Slow Process Corner)
  Requirement:            10.000ns  (sys_clk_pin rise@10.000ns - sys_clk_pin rise@0.000ns)
  Data Path Delay:        4.693ns  (logic 1.202ns (25.613%)  route 3.491ns (74.387%))
  Logic Levels:           3  (LUT2=1 LUT6=2)
  Clock Path Skew:        -0.102ns (DCD - SCD + CPR)
    Destination Clock Delay (DCD):    4.783ns = ( 14.783 - 10.000 ) 
    Source Clock Delay      (SCD):    5.145ns
    Clock Pessimism Removal (CPR):    0.260ns
  Clock Uncertainty:      0.035ns  ((TSJ^2 + TIJ^2)^1/2 + DJ) / 2 + PE
    Total System Jitter     (TSJ):    0.071ns
    Total Input Jitter      (TIJ):    0.000ns
    Discrete Jitter          (DJ):    0.000ns
    Phase Error              (PE):    0.000ns

    Location             Delay type                Incr(ns)  Path(ns)    Netlist Resource(s)
  -------------------------------------------------------------------    -------------------
                         (clock sys_clk_pin rise edge)
                                                      0.000     0.000 r  
    W5                                                0.000     0.000 r  clk (IN)
                         net (fo=0)                   0.000     0.000    clk
    W5                   IBUF (Prop_ibuf_I_O)         1.458     1.458 r  clk_IBUF_inst/O
                         net (fo=1, routed)           1.967     3.425    clk_IBUF
    BUFGCTRL_X0Y0        BUFG (Prop_bufg_I_O)         0.096     3.521 r  clk_IBUF_BUFG_inst/O
                         net (fo=239, routed)         1.624     5.145    u_countdown/clk_IBUF_BUFG
    SLICE_X58Y20         FDRE                                         r  u_countdown/running_reg/C
  -------------------------------------------------------------------    -------------------
    SLICE_X58Y20         FDRE (Prop_fdre_C_Q)         0.419     5.564 r  u_countdown/running_reg/Q
                         net (fo=31, routed)          1.791     7.356    db_c/sec_reg[5]
    SLICE_X55Y23         LUT2 (Prop_lut2_I1_O)        0.327     7.683 f  db_c/sec[5]_i_9/O
                         net (fo=11, routed)          1.030     8.712    u_countdown/finished0
    SLICE_X56Y19         LUT6 (Prop_lut6_I5_O)        0.332     9.044 f  u_countdown/min[3]_i_2/O
                         net (fo=1, routed)           0.670     9.714    u_countdown/min[3]_i_2_n_0
    SLICE_X56Y19         LUT6 (Prop_lut6_I4_O)        0.124     9.838 r  u_countdown/min[3]_i_1/O
                         net (fo=1, routed)           0.000     9.838    u_countdown/min[3]_i_1_n_0
    SLICE_X56Y19         FDRE                                         r  u_countdown/min_reg[3]/D
  -------------------------------------------------------------------    -------------------

                         (clock sys_clk_pin rise edge)
                                                     10.000    10.000 r  
    W5                                                0.000    10.000 r  clk (IN)
                         net (fo=0)                   0.000    10.000    clk
    W5                   IBUF (Prop_ibuf_I_O)         1.388    11.388 r  clk_IBUF_inst/O
                         net (fo=1, routed)           1.862    13.250    clk_IBUF
    BUFGCTRL_X0Y0        BUFG (Prop_bufg_I_O)         0.091    13.341 r  clk_IBUF_BUFG_inst/O
                         net (fo=239, routed)         1.442    14.783    u_countdown/clk_IBUF_BUFG
    SLICE_X56Y19         FDRE                                         r  u_countdown/min_reg[3]/C
                         clock pessimism              0.260    15.043    
                         clock uncertainty           -0.035    15.008    
    SLICE_X56Y19         FDRE (Setup_fdre_C_D)        0.081    15.089    u_countdown/min_reg[3]
  -------------------------------------------------------------------
                         required time                         15.089    
                         arrival time                          -9.838    
  -------------------------------------------------------------------
                         slack                                  5.251    

Slack (MET) :             5.266ns  (required time - arrival time)
  Source:                 u_countdown/running_reg/C
                            (rising edge-triggered cell FDRE clocked by sys_clk_pin  {rise@0.000ns fall@5.000ns period=10.000ns})
  Destination:            u_countdown/sec_reg[2]/D
                            (rising edge-triggered cell FDRE clocked by sys_clk_pin  {rise@0.000ns fall@5.000ns period=10.000ns})
  Path Group:             sys_clk_pin
  Path Type:              Setup (Max at Slow Process Corner)
  Requirement:            10.000ns  (sys_clk_pin rise@10.000ns - sys_clk_pin rise@0.000ns)
  Data Path Delay:        4.672ns  (logic 1.202ns (25.726%)  route 3.470ns (74.274%))
  Logic Levels:           3  (LUT2=1 LUT6=2)
  Clock Path Skew:        -0.103ns (DCD - SCD + CPR)
    Destination Clock Delay (DCD):    4.782ns = ( 14.782 - 10.000 ) 
    Source Clock Delay      (SCD):    5.145ns
    Clock Pessimism Removal (CPR):    0.260ns
  Clock Uncertainty:      0.035ns  ((TSJ^2 + TIJ^2)^1/2 + DJ) / 2 + PE
    Total System Jitter     (TSJ):    0.071ns
    Total Input Jitter      (TIJ):    0.000ns
    Discrete Jitter          (DJ):    0.000ns
    Phase Error              (PE):    0.000ns

    Location             Delay type                Incr(ns)  Path(ns)    Netlist Resource(s)
  -------------------------------------------------------------------    -------------------
                         (clock sys_clk_pin rise edge)
                                                      0.000     0.000 r  
    W5                                                0.000     0.000 r  clk (IN)
                         net (fo=0)                   0.000     0.000    clk
    W5                   IBUF (Prop_ibuf_I_O)         1.458     1.458 r  clk_IBUF_inst/O
                         net (fo=1, routed)           1.967     3.425    clk_IBUF
    BUFGCTRL_X0Y0        BUFG (Prop_bufg_I_O)         0.096     3.521 r  clk_IBUF_BUFG_inst/O
                         net (fo=239, routed)         1.624     5.145    u_countdown/clk_IBUF_BUFG
    SLICE_X58Y20         FDRE                                         r  u_countdown/running_reg/C
  -------------------------------------------------------------------    -------------------
    SLICE_X58Y20         FDRE (Prop_fdre_C_Q)         0.419     5.564 r  u_countdown/running_reg/Q
                         net (fo=31, routed)          1.791     7.356    db_c/sec_reg[5]
    SLICE_X55Y23         LUT2 (Prop_lut2_I1_O)        0.327     7.683 f  db_c/sec[5]_i_9/O
                         net (fo=11, routed)          0.999     8.682    u_countdown/finished0
    SLICE_X54Y20         LUT6 (Prop_lut6_I4_O)        0.332     9.014 r  u_countdown/sec[2]_i_3/O
                         net (fo=1, routed)           0.680     9.694    u_countdown/sec[2]_i_3_n_0
    SLICE_X54Y20         LUT6 (Prop_lut6_I4_O)        0.124     9.818 r  u_countdown/sec[2]_i_1/O
                         net (fo=1, routed)           0.000     9.818    u_countdown/sec[2]_i_1_n_0
    SLICE_X54Y20         FDRE                                         r  u_countdown/sec_reg[2]/D
  -------------------------------------------------------------------    -------------------

                         (clock sys_clk_pin rise edge)
                                                     10.000    10.000 r  
    W5                                                0.000    10.000 r  clk (IN)
                         net (fo=0)                   0.000    10.000    clk
    W5                   IBUF (Prop_ibuf_I_O)         1.388    11.388 r  clk_IBUF_inst/O
                         net (fo=1, routed)           1.862    13.250    clk_IBUF
    BUFGCTRL_X0Y0        BUFG (Prop_bufg_I_O)         0.091    13.341 r  clk_IBUF_BUFG_inst/O
                         net (fo=239, routed)         1.441    14.782    u_countdown/clk_IBUF_BUFG
    SLICE_X54Y20         FDRE                                         r  u_countdown/sec_reg[2]/C
                         clock pessimism              0.260    15.042    
                         clock uncertainty           -0.035    15.007    
    SLICE_X54Y20         FDRE (Setup_fdre_C_D)        0.077    15.084    u_countdown/sec_reg[2]
  -------------------------------------------------------------------
                         required time                         15.084    
                         arrival time                          -9.818    
  -------------------------------------------------------------------
                         slack                                  5.266    

Slack (MET) :             5.284ns  (required time - arrival time)
  Source:                 u_fsm/mode_reg[2]/C
                            (rising edge-triggered cell FDRE clocked by sys_clk_pin  {rise@0.000ns fall@5.000ns period=10.000ns})
  Destination:            u_stopwatch/sec_reg[5]/R
                            (rising edge-triggered cell FDRE clocked by sys_clk_pin  {rise@0.000ns fall@5.000ns period=10.000ns})
  Path Group:             sys_clk_pin
  Path Type:              Setup (Max at Slow Process Corner)
  Requirement:            10.000ns  (sys_clk_pin rise@10.000ns - sys_clk_pin rise@0.000ns)
  Data Path Delay:        4.224ns  (logic 1.128ns (26.704%)  route 3.096ns (73.296%))
  Logic Levels:           2  (LUT3=1 LUT6=1)
  Clock Path Skew:        -0.028ns (DCD - SCD + CPR)
    Destination Clock Delay (DCD):    4.777ns = ( 14.777 - 10.000 ) 
    Source Clock Delay      (SCD):    5.078ns
    Clock Pessimism Removal (CPR):    0.273ns
  Clock Uncertainty:      0.035ns  ((TSJ^2 + TIJ^2)^1/2 + DJ) / 2 + PE
    Total System Jitter     (TSJ):    0.071ns
    Total Input Jitter      (TIJ):    0.000ns
    Discrete Jitter          (DJ):    0.000ns
    Phase Error              (PE):    0.000ns

    Location             Delay type                Incr(ns)  Path(ns)    Netlist Resource(s)
  -------------------------------------------------------------------    -------------------
                         (clock sys_clk_pin rise edge)
                                                      0.000     0.000 r  
    W5                                                0.000     0.000 r  clk (IN)
                         net (fo=0)                   0.000     0.000    clk
    W5                   IBUF (Prop_ibuf_I_O)         1.458     1.458 r  clk_IBUF_inst/O
                         net (fo=1, routed)           1.967     3.425    clk_IBUF
    BUFGCTRL_X0Y0        BUFG (Prop_bufg_I_O)         0.096     3.521 r  clk_IBUF_BUFG_inst/O
                         net (fo=239, routed)         1.557     5.078    u_fsm/clk_IBUF_BUFG
    SLICE_X56Y21         FDRE                                         r  u_fsm/mode_reg[2]/C
  -------------------------------------------------------------------    -------------------
    SLICE_X56Y21         FDRE (Prop_fdre_C_Q)         0.478     5.556 r  u_fsm/mode_reg[2]/Q
                         net (fo=49, routed)          1.532     7.089    u_fsm/mode[2]
    SLICE_X59Y23         LUT3 (Prop_lut3_I1_O)        0.324     7.413 r  u_fsm/sec[5]_i_4/O
                         net (fo=6, routed)           0.609     8.022    u_stopwatch/running_reg_1
    SLICE_X58Y22         LUT6 (Prop_lut6_I0_O)        0.326     8.348 r  u_stopwatch/sec[5]_i_1__1/O
                         net (fo=6, routed)           0.954     9.302    u_stopwatch/sec[5]_i_1__1_n_0
    SLICE_X57Y24         FDRE                                         r  u_stopwatch/sec_reg[5]/R
  -------------------------------------------------------------------    -------------------

                         (clock sys_clk_pin rise edge)
                                                     10.000    10.000 r  
    W5                                                0.000    10.000 r  clk (IN)
                         net (fo=0)                   0.000    10.000    clk
    W5                   IBUF (Prop_ibuf_I_O)         1.388    11.388 r  clk_IBUF_inst/O
                         net (fo=1, routed)           1.862    13.250    clk_IBUF
    BUFGCTRL_X0Y0        BUFG (Prop_bufg_I_O)         0.091    13.341 r  clk_IBUF_BUFG_inst/O
                         net (fo=239, routed)         1.436    14.777    u_stopwatch/clk_IBUF_BUFG
    SLICE_X57Y24         FDRE                                         r  u_stopwatch/sec_reg[5]/C
                         clock pessimism              0.273    15.050    
                         clock uncertainty           -0.035    15.015    
    SLICE_X57Y24         FDRE (Setup_fdre_C_R)       -0.429    14.586    u_stopwatch/sec_reg[5]
  -------------------------------------------------------------------
                         required time                         14.586    
                         arrival time                          -9.302    
  -------------------------------------------------------------------
                         slack                                  5.284    

Slack (MET) :             5.306ns  (required time - arrival time)
  Source:                 u_countdown/min_reg[2]/C
                            (rising edge-triggered cell FDRE clocked by sys_clk_pin  {rise@0.000ns fall@5.000ns period=10.000ns})
  Destination:            u_countdown/min_reg[1]/CE
                            (rising edge-triggered cell FDRE clocked by sys_clk_pin  {rise@0.000ns fall@5.000ns period=10.000ns})
  Path Group:             sys_clk_pin
  Path Type:              Setup (Max at Slow Process Corner)
  Requirement:            10.000ns  (sys_clk_pin rise@10.000ns - sys_clk_pin rise@0.000ns)
  Data Path Delay:        4.430ns  (logic 1.244ns (28.081%)  route 3.186ns (71.919%))
  Logic Levels:           4  (LUT2=1 LUT6=3)
  Clock Path Skew:        -0.024ns (DCD - SCD + CPR)
    Destination Clock Delay (DCD):    4.783ns = ( 14.783 - 10.000 ) 
    Source Clock Delay      (SCD):    5.080ns
    Clock Pessimism Removal (CPR):    0.273ns
  Clock Uncertainty:      0.035ns  ((TSJ^2 + TIJ^2)^1/2 + DJ) / 2 + PE
    Total System Jitter     (TSJ):    0.071ns
    Total Input Jitter      (TIJ):    0.000ns
    Discrete Jitter          (DJ):    0.000ns
    Phase Error              (PE):    0.000ns

    Location             Delay type                Incr(ns)  Path(ns)    Netlist Resource(s)
  -------------------------------------------------------------------    -------------------
                         (clock sys_clk_pin rise edge)
                                                      0.000     0.000 r  
    W5                                                0.000     0.000 r  clk (IN)
                         net (fo=0)                   0.000     0.000    clk
    W5                   IBUF (Prop_ibuf_I_O)         1.458     1.458 r  clk_IBUF_inst/O
                         net (fo=1, routed)           1.967     3.425    clk_IBUF
    BUFGCTRL_X0Y0        BUFG (Prop_bufg_I_O)         0.096     3.521 r  clk_IBUF_BUFG_inst/O
                         net (fo=239, routed)         1.559     5.080    u_countdown/clk_IBUF_BUFG
    SLICE_X56Y19         FDRE                                         r  u_countdown/min_reg[2]/C
  -------------------------------------------------------------------    -------------------
    SLICE_X56Y19         FDRE (Prop_fdre_C_Q)         0.518     5.598 r  u_countdown/min_reg[2]/Q
                         net (fo=12, routed)          0.916     6.514    u_countdown/min_reg_n_0_[2]
    SLICE_X57Y19         LUT6 (Prop_lut6_I1_O)        0.124     6.638 f  u_countdown/finished_i_4/O
                         net (fo=5, routed)           0.825     7.463    db_d/min[5]_i_3
    SLICE_X55Y19         LUT2 (Prop_lut2_I1_O)        0.152     7.615 r  db_d/min[5]_i_6/O
                         net (fo=1, routed)           0.458     8.073    u_countdown/min_reg[0]_2
    SLICE_X57Y19         LUT6 (Prop_lut6_I5_O)        0.326     8.399 r  u_countdown/min[5]_i_3/O
                         net (fo=1, routed)           0.442     8.841    u_countdown/min[5]_i_3_n_0
    SLICE_X56Y20         LUT6 (Prop_lut6_I3_O)        0.124     8.965 r  u_countdown/min[5]_i_1/O
                         net (fo=6, routed)           0.545     9.510    u_countdown/min[5]_i_1_n_0
    SLICE_X57Y20         FDRE                                         r  u_countdown/min_reg[1]/CE
  -------------------------------------------------------------------    -------------------

                         (clock sys_clk_pin rise edge)
                                                     10.000    10.000 r  
    W5                                                0.000    10.000 r  clk (IN)
                         net (fo=0)                   0.000    10.000    clk
    W5                   IBUF (Prop_ibuf_I_O)         1.388    11.388 r  clk_IBUF_inst/O
                         net (fo=1, routed)           1.862    13.250    clk_IBUF
    BUFGCTRL_X0Y0        BUFG (Prop_bufg_I_O)         0.091    13.341 r  clk_IBUF_BUFG_inst/O
                         net (fo=239, routed)         1.442    14.783    u_countdown/clk_IBUF_BUFG
    SLICE_X57Y20         FDRE                                         r  u_countdown/min_reg[1]/C
                         clock pessimism              0.273    15.056    
                         clock uncertainty           -0.035    15.021    
    SLICE_X57Y20         FDRE (Setup_fdre_C_CE)      -0.205    14.816    u_countdown/min_reg[1]
  -------------------------------------------------------------------
                         required time                         14.816    
                         arrival time                          -9.510    
  -------------------------------------------------------------------
                         slack                                  5.306    





Min Delay Paths
--------------------------------------------------------------------------------------
Slack (MET) :             0.140ns  (arrival time - required time)
  Source:                 u_countdown/set_sec_reg[0]/C
                            (rising edge-triggered cell FDRE clocked by sys_clk_pin  {rise@0.000ns fall@5.000ns period=10.000ns})
  Destination:            u_countdown/sec_reg[0]/D
                            (rising edge-triggered cell FDRE clocked by sys_clk_pin  {rise@0.000ns fall@5.000ns period=10.000ns})
  Path Group:             sys_clk_pin
  Path Type:              Hold (Min at Fast Process Corner)
  Requirement:            0.000ns  (sys_clk_pin rise@0.000ns - sys_clk_pin rise@0.000ns)
  Data Path Delay:        0.273ns  (logic 0.186ns (68.106%)  route 0.087ns (31.894%))
  Logic Levels:           1  (LUT6=1)
  Clock Path Skew:        0.013ns (DCD - SCD - CPR)
    Destination Clock Delay (DCD):    1.952ns
    Source Clock Delay      (SCD):    1.439ns
    Clock Pessimism Removal (CPR):    0.500ns

    Location             Delay type                Incr(ns)  Path(ns)    Netlist Resource(s)
  -------------------------------------------------------------------    -------------------
                         (clock sys_clk_pin rise edge)
                                                      0.000     0.000 r  
    W5                                                0.000     0.000 r  clk (IN)
                         net (fo=0)                   0.000     0.000    clk
    W5                   IBUF (Prop_ibuf_I_O)         0.226     0.226 r  clk_IBUF_inst/O
                         net (fo=1, routed)           0.631     0.858    clk_IBUF
    BUFGCTRL_X0Y0        BUFG (Prop_bufg_I_O)         0.026     0.884 r  clk_IBUF_BUFG_inst/O
                         net (fo=239, routed)         0.556     1.439    u_countdown/clk_IBUF_BUFG
    SLICE_X55Y21         FDRE                                         r  u_countdown/set_sec_reg[0]/C
  -------------------------------------------------------------------    -------------------
    SLICE_X55Y21         FDRE (Prop_fdre_C_Q)         0.141     1.580 r  u_countdown/set_sec_reg[0]/Q
                         net (fo=1, routed)           0.087     1.667    u_countdown/set_sec_reg_n_0_[0]
    SLICE_X54Y21         LUT6 (Prop_lut6_I5_O)        0.045     1.712 r  u_countdown/sec[0]_i_1/O
                         net (fo=1, routed)           0.000     1.712    u_countdown/sec[0]_i_1_n_0
    SLICE_X54Y21         FDRE                                         r  u_countdown/sec_reg[0]/D
  -------------------------------------------------------------------    -------------------

                         (clock sys_clk_pin rise edge)
                                                      0.000     0.000 r  
    W5                                                0.000     0.000 r  clk (IN)
                         net (fo=0)                   0.000     0.000    clk
    W5                   IBUF (Prop_ibuf_I_O)         0.414     0.414 r  clk_IBUF_inst/O
                         net (fo=1, routed)           0.685     1.099    clk_IBUF
    BUFGCTRL_X0Y0        BUFG (Prop_bufg_I_O)         0.029     1.128 r  clk_IBUF_BUFG_inst/O
                         net (fo=239, routed)         0.825     1.952    u_countdown/clk_IBUF_BUFG
    SLICE_X54Y21         FDRE                                         r  u_countdown/sec_reg[0]/C
                         clock pessimism             -0.500     1.452    
    SLICE_X54Y21         FDRE (Hold_fdre_C_D)         0.120     1.572    u_countdown/sec_reg[0]
  -------------------------------------------------------------------
                         required time                         -1.572    
                         arrival time                           1.712    
  -------------------------------------------------------------------
                         slack                                  0.140    

Slack (MET) :             0.143ns  (arrival time - required time)
  Source:                 u_countdown/set_min_reg[3]/C
                            (rising edge-triggered cell FDRE clocked by sys_clk_pin  {rise@0.000ns fall@5.000ns period=10.000ns})
  Destination:            u_countdown/min_reg[3]/D
                            (rising edge-triggered cell FDRE clocked by sys_clk_pin  {rise@0.000ns fall@5.000ns period=10.000ns})
  Path Group:             sys_clk_pin
  Path Type:              Hold (Min at Fast Process Corner)
  Requirement:            0.000ns  (sys_clk_pin rise@0.000ns - sys_clk_pin rise@0.000ns)
  Data Path Delay:        0.277ns  (logic 0.186ns (67.123%)  route 0.091ns (32.877%))
  Logic Levels:           1  (LUT6=1)
  Clock Path Skew:        0.013ns (DCD - SCD - CPR)
    Destination Clock Delay (DCD):    1.954ns
    Source Clock Delay      (SCD):    1.443ns
    Clock Pessimism Removal (CPR):    0.498ns

    Location             Delay type                Incr(ns)  Path(ns)    Netlist Resource(s)
  -------------------------------------------------------------------    -------------------
                         (clock sys_clk_pin rise edge)
                                                      0.000     0.000 r  
    W5                                                0.000     0.000 r  clk (IN)
                         net (fo=0)                   0.000     0.000    clk
    W5                   IBUF (Prop_ibuf_I_O)         0.226     0.226 r  clk_IBUF_inst/O
                         net (fo=1, routed)           0.631     0.858    clk_IBUF
    BUFGCTRL_X0Y0        BUFG (Prop_bufg_I_O)         0.026     0.884 r  clk_IBUF_BUFG_inst/O
                         net (fo=239, routed)         0.560     1.443    u_countdown/clk_IBUF_BUFG
    SLICE_X57Y19         FDRE                                         r  u_countdown/set_min_reg[3]/C
  -------------------------------------------------------------------    -------------------
    SLICE_X57Y19         FDRE (Prop_fdre_C_Q)         0.141     1.584 r  u_countdown/set_min_reg[3]/Q
                         net (fo=1, routed)           0.091     1.675    u_countdown/set_min[3]
    SLICE_X56Y19         LUT6 (Prop_lut6_I3_O)        0.045     1.720 r  u_countdown/min[3]_i_1/O
                         net (fo=1, routed)           0.000     1.720    u_countdown/min[3]_i_1_n_0
    SLICE_X56Y19         FDRE                                         r  u_countdown/min_reg[3]/D
  -------------------------------------------------------------------    -------------------

                         (clock sys_clk_pin rise edge)
                                                      0.000     0.000 r  
    W5                                                0.000     0.000 r  clk (IN)
                         net (fo=0)                   0.000     0.000    clk
    W5                   IBUF (Prop_ibuf_I_O)         0.414     0.414 r  clk_IBUF_inst/O
                         net (fo=1, routed)           0.685     1.099    clk_IBUF
    BUFGCTRL_X0Y0        BUFG (Prop_bufg_I_O)         0.029     1.128 r  clk_IBUF_BUFG_inst/O
                         net (fo=239, routed)         0.827     1.954    u_countdown/clk_IBUF_BUFG
    SLICE_X56Y19         FDRE                                         r  u_countdown/min_reg[3]/C
                         clock pessimism             -0.498     1.456    
    SLICE_X56Y19         FDRE (Hold_fdre_C_D)         0.121     1.577    u_countdown/min_reg[3]
  -------------------------------------------------------------------
                         required time                         -1.577    
                         arrival time                           1.720    
  -------------------------------------------------------------------
                         slack                                  0.143    

Slack (MET) :             0.168ns  (arrival time - required time)
  Source:                 db_r/last_reg/C
                            (rising edge-triggered cell FDRE clocked by sys_clk_pin  {rise@0.000ns fall@5.000ns period=10.000ns})
  Destination:            db_r/btn_pulse_reg/D
                            (rising edge-triggered cell FDRE clocked by sys_clk_pin  {rise@0.000ns fall@5.000ns period=10.000ns})
  Path Group:             sys_clk_pin
  Path Type:              Hold (Min at Fast Process Corner)
  Requirement:            0.000ns  (sys_clk_pin rise@0.000ns - sys_clk_pin rise@0.000ns)
  Data Path Delay:        0.272ns  (logic 0.186ns (68.463%)  route 0.086ns (31.537%))
  Logic Levels:           1  (LUT2=1)
  Clock Path Skew:        0.013ns (DCD - SCD - CPR)
    Destination Clock Delay (DCD):    1.985ns
    Source Clock Delay      (SCD):    1.473ns
    Clock Pessimism Removal (CPR):    0.499ns

    Location             Delay type                Incr(ns)  Path(ns)    Netlist Resource(s)
  -------------------------------------------------------------------    -------------------
                         (clock sys_clk_pin rise edge)
                                                      0.000     0.000 r  
    W5                                                0.000     0.000 r  clk (IN)
                         net (fo=0)                   0.000     0.000    clk
    W5                   IBUF (Prop_ibuf_I_O)         0.226     0.226 r  clk_IBUF_inst/O
                         net (fo=1, routed)           0.631     0.858    clk_IBUF
    BUFGCTRL_X0Y0        BUFG (Prop_bufg_I_O)         0.026     0.884 r  clk_IBUF_BUFG_inst/O
                         net (fo=239, routed)         0.590     1.473    db_r/clk_IBUF_BUFG
    SLICE_X58Y15         FDRE                                         r  db_r/last_reg/C
  -------------------------------------------------------------------    -------------------
    SLICE_X58Y15         FDRE (Prop_fdre_C_Q)         0.141     1.614 f  db_r/last_reg/Q
                         net (fo=1, routed)           0.086     1.700    db_r/last
    SLICE_X59Y15         LUT2 (Prop_lut2_I1_O)        0.045     1.745 r  db_r/btn_pulse_i_1__0/O
                         net (fo=1, routed)           0.000     1.745    db_r/btn_pulse_i_1__0_n_0
    SLICE_X59Y15         FDRE                                         r  db_r/btn_pulse_reg/D
  -------------------------------------------------------------------    -------------------

                         (clock sys_clk_pin rise edge)
                                                      0.000     0.000 r  
    W5                                                0.000     0.000 r  clk (IN)
                         net (fo=0)                   0.000     0.000    clk
    W5                   IBUF (Prop_ibuf_I_O)         0.414     0.414 r  clk_IBUF_inst/O
                         net (fo=1, routed)           0.685     1.099    clk_IBUF
    BUFGCTRL_X0Y0        BUFG (Prop_bufg_I_O)         0.029     1.128 r  clk_IBUF_BUFG_inst/O
                         net (fo=239, routed)         0.858     1.985    db_r/clk_IBUF_BUFG
    SLICE_X59Y15         FDRE                                         r  db_r/btn_pulse_reg/C
                         clock pessimism             -0.499     1.486    
    SLICE_X59Y15         FDRE (Hold_fdre_C_D)         0.091     1.577    db_r/btn_pulse_reg
  -------------------------------------------------------------------
                         required time                         -1.577    
                         arrival time                           1.745    
  -------------------------------------------------------------------
                         slack                                  0.168    

Slack (MET) :             0.179ns  (arrival time - required time)
  Source:                 u_countdown/set_min_reg[0]/C
                            (rising edge-triggered cell FDRE clocked by sys_clk_pin  {rise@0.000ns fall@5.000ns period=10.000ns})
  Destination:            u_countdown/min_reg[0]/D
                            (rising edge-triggered cell FDRE clocked by sys_clk_pin  {rise@0.000ns fall@5.000ns period=10.000ns})
  Path Group:             sys_clk_pin
  Path Type:              Hold (Min at Fast Process Corner)
  Requirement:            0.000ns  (sys_clk_pin rise@0.000ns - sys_clk_pin rise@0.000ns)
  Data Path Delay:        0.284ns  (logic 0.186ns (65.524%)  route 0.098ns (34.476%))
  Logic Levels:           1  (LUT6=1)
  Clock Path Skew:        0.013ns (DCD - SCD - CPR)
    Destination Clock Delay (DCD):    1.981ns
    Source Clock Delay      (SCD):    1.469ns
    Clock Pessimism Removal (CPR):    0.499ns

    Location             Delay type                Incr(ns)  Path(ns)    Netlist Resource(s)
  -------------------------------------------------------------------    -------------------
                         (clock sys_clk_pin rise edge)
                                                      0.000     0.000 r  
    W5                                                0.000     0.000 r  clk (IN)
                         net (fo=0)                   0.000     0.000    clk
    W5                   IBUF (Prop_ibuf_I_O)         0.226     0.226 r  clk_IBUF_inst/O
                         net (fo=1, routed)           0.631     0.858    clk_IBUF
    BUFGCTRL_X0Y0        BUFG (Prop_bufg_I_O)         0.026     0.884 r  clk_IBUF_BUFG_inst/O
                         net (fo=239, routed)         0.586     1.469    u_countdown/clk_IBUF_BUFG
    SLICE_X59Y19         FDRE                                         r  u_countdown/set_min_reg[0]/C
  -------------------------------------------------------------------    -------------------
    SLICE_X59Y19         FDRE (Prop_fdre_C_Q)         0.141     1.610 r  u_countdown/set_min_reg[0]/Q
                         net (fo=1, routed)           0.098     1.708    u_countdown/set_min[0]
    SLICE_X58Y19         LUT6 (Prop_lut6_I1_O)        0.045     1.753 r  u_countdown/min[0]_i_1/O
                         net (fo=1, routed)           0.000     1.753    u_countdown/min[0]_i_1_n_0
    SLICE_X58Y19         FDRE                                         r  u_countdown/min_reg[0]/D
  -------------------------------------------------------------------    -------------------

                         (clock sys_clk_pin rise edge)
                                                      0.000     0.000 r  
    W5                                                0.000     0.000 r  clk (IN)
                         net (fo=0)                   0.000     0.000    clk
    W5                   IBUF (Prop_ibuf_I_O)         0.414     0.414 r  clk_IBUF_inst/O
                         net (fo=1, routed)           0.685     1.099    clk_IBUF
    BUFGCTRL_X0Y0        BUFG (Prop_bufg_I_O)         0.029     1.128 r  clk_IBUF_BUFG_inst/O
                         net (fo=239, routed)         0.854     1.981    u_countdown/clk_IBUF_BUFG
    SLICE_X58Y19         FDRE                                         r  u_countdown/min_reg[0]/C
                         clock pessimism             -0.499     1.482    
    SLICE_X58Y19         FDRE (Hold_fdre_C_D)         0.092     1.574    u_countdown/min_reg[0]
  -------------------------------------------------------------------
                         required time                         -1.574    
                         arrival time                           1.753    
  -------------------------------------------------------------------
                         slack                                  0.179    

Slack (MET) :             0.184ns  (arrival time - required time)
  Source:                 u_clock/sec_reg[5]/C
                            (rising edge-triggered cell FDRE clocked by sys_clk_pin  {rise@0.000ns fall@5.000ns period=10.000ns})
  Destination:            u_clock/sec_reg[2]/D
                            (rising edge-triggered cell FDRE clocked by sys_clk_pin  {rise@0.000ns fall@5.000ns period=10.000ns})
  Path Group:             sys_clk_pin
  Path Type:              Hold (Min at Fast Process Corner)
  Requirement:            0.000ns  (sys_clk_pin rise@0.000ns - sys_clk_pin rise@0.000ns)
  Data Path Delay:        0.289ns  (logic 0.186ns (64.416%)  route 0.103ns (35.584%))
  Logic Levels:           1  (LUT6=1)
  Clock Path Skew:        0.013ns (DCD - SCD - CPR)
    Destination Clock Delay (DCD):    1.982ns
    Source Clock Delay      (SCD):    1.469ns
    Clock Pessimism Removal (CPR):    0.500ns

    Location             Delay type                Incr(ns)  Path(ns)    Netlist Resource(s)
  -------------------------------------------------------------------    -------------------
                         (clock sys_clk_pin rise edge)
                                                      0.000     0.000 r  
    W5                                                0.000     0.000 r  clk (IN)
                         net (fo=0)                   0.000     0.000    clk
    W5                   IBUF (Prop_ibuf_I_O)         0.226     0.226 r  clk_IBUF_inst/O
                         net (fo=1, routed)           0.631     0.858    clk_IBUF
    BUFGCTRL_X0Y0        BUFG (Prop_bufg_I_O)         0.026     0.884 r  clk_IBUF_BUFG_inst/O
                         net (fo=239, routed)         0.586     1.469    u_clock/clk_IBUF_BUFG
    SLICE_X63Y20         FDRE                                         r  u_clock/sec_reg[5]/C
  -------------------------------------------------------------------    -------------------
    SLICE_X63Y20         FDRE (Prop_fdre_C_Q)         0.141     1.610 f  u_clock/sec_reg[5]/Q
                         net (fo=5, routed)           0.103     1.713    u_clock/sec_reg_n_0_[5]
    SLICE_X62Y20         LUT6 (Prop_lut6_I0_O)        0.045     1.758 r  u_clock/sec[2]_i_1__1/O
                         net (fo=1, routed)           0.000     1.758    u_clock/sec[2]
    SLICE_X62Y20         FDRE                                         r  u_clock/sec_reg[2]/D
  -------------------------------------------------------------------    -------------------

                         (clock sys_clk_pin rise edge)
                                                      0.000     0.000 r  
    W5                                                0.000     0.000 r  clk (IN)
                         net (fo=0)                   0.000     0.000    clk
    W5                   IBUF (Prop_ibuf_I_O)         0.414     0.414 r  clk_IBUF_inst/O
                         net (fo=1, routed)           0.685     1.099    clk_IBUF
    BUFGCTRL_X0Y0        BUFG (Prop_bufg_I_O)         0.029     1.128 r  clk_IBUF_BUFG_inst/O
                         net (fo=239, routed)         0.855     1.982    u_clock/clk_IBUF_BUFG
    SLICE_X62Y20         FDRE                                         r  u_clock/sec_reg[2]/C
                         clock pessimism             -0.500     1.482    
    SLICE_X62Y20         FDRE (Hold_fdre_C_D)         0.092     1.574    u_clock/sec_reg[2]
  -------------------------------------------------------------------
                         required time                         -1.574    
                         arrival time                           1.758    
  -------------------------------------------------------------------
                         slack                                  0.184    

Slack (MET) :             0.187ns  (arrival time - required time)
  Source:                 db_r/shift_reg[7]/C
                            (rising edge-triggered cell FDRE clocked by sys_clk_pin  {rise@0.000ns fall@5.000ns period=10.000ns})
  Destination:            db_r/shift_reg[8]/D
                            (rising edge-triggered cell FDRE clocked by sys_clk_pin  {rise@0.000ns fall@5.000ns period=10.000ns})
  Path Group:             sys_clk_pin
  Path Type:              Hold (Min at Fast Process Corner)
  Requirement:            0.000ns  (sys_clk_pin rise@0.000ns - sys_clk_pin rise@0.000ns)
  Data Path Delay:        0.262ns  (logic 0.141ns (53.880%)  route 0.121ns (46.120%))
  Logic Levels:           0  
  Clock Path Skew:        0.000ns (DCD - SCD - CPR)
    Destination Clock Delay (DCD):    1.987ns
    Source Clock Delay      (SCD):    1.474ns
    Clock Pessimism Removal (CPR):    0.513ns

    Location             Delay type                Incr(ns)  Path(ns)    Netlist Resource(s)
  -------------------------------------------------------------------    -------------------
                         (clock sys_clk_pin rise edge)
                                                      0.000     0.000 r  
    W5                                                0.000     0.000 r  clk (IN)
                         net (fo=0)                   0.000     0.000    clk
    W5                   IBUF (Prop_ibuf_I_O)         0.226     0.226 r  clk_IBUF_inst/O
                         net (fo=1, routed)           0.631     0.858    clk_IBUF
    BUFGCTRL_X0Y0        BUFG (Prop_bufg_I_O)         0.026     0.884 r  clk_IBUF_BUFG_inst/O
                         net (fo=239, routed)         0.591     1.474    db_r/clk_IBUF_BUFG
    SLICE_X62Y15         FDRE                                         r  db_r/shift_reg[7]/C
  -------------------------------------------------------------------    -------------------
    SLICE_X62Y15         FDRE (Prop_fdre_C_Q)         0.141     1.615 r  db_r/shift_reg[7]/Q
                         net (fo=3, routed)           0.121     1.736    db_r/p_0_in[8]
    SLICE_X62Y15         FDRE                                         r  db_r/shift_reg[8]/D
  -------------------------------------------------------------------    -------------------

                         (clock sys_clk_pin rise edge)
                                                      0.000     0.000 r  
    W5                                                0.000     0.000 r  clk (IN)
                         net (fo=0)                   0.000     0.000    clk
    W5                   IBUF (Prop_ibuf_I_O)         0.414     0.414 r  clk_IBUF_inst/O
                         net (fo=1, routed)           0.685     1.099    clk_IBUF
    BUFGCTRL_X0Y0        BUFG (Prop_bufg_I_O)         0.029     1.128 r  clk_IBUF_BUFG_inst/O
                         net (fo=239, routed)         0.860     1.987    db_r/clk_IBUF_BUFG
    SLICE_X62Y15         FDRE                                         r  db_r/shift_reg[8]/C
                         clock pessimism             -0.513     1.474    
    SLICE_X62Y15         FDRE (Hold_fdre_C_D)         0.075     1.549    db_r/shift_reg[8]
  -------------------------------------------------------------------
                         required time                         -1.549    
                         arrival time                           1.736    
  -------------------------------------------------------------------
                         slack                                  0.187    

Slack (MET) :             0.187ns  (arrival time - required time)
  Source:                 u_countdown/set_min_reg[1]/C
                            (rising edge-triggered cell FDRE clocked by sys_clk_pin  {rise@0.000ns fall@5.000ns period=10.000ns})
  Destination:            u_countdown/min_reg[1]/D
                            (rising edge-triggered cell FDRE clocked by sys_clk_pin  {rise@0.000ns fall@5.000ns period=10.000ns})
  Path Group:             sys_clk_pin
  Path Type:              Hold (Min at Fast Process Corner)
  Requirement:            0.000ns  (sys_clk_pin rise@0.000ns - sys_clk_pin rise@0.000ns)
  Data Path Delay:        0.291ns  (logic 0.209ns (71.796%)  route 0.082ns (28.204%))
  Logic Levels:           1  (LUT6=1)
  Clock Path Skew:        0.013ns (DCD - SCD - CPR)
    Destination Clock Delay (DCD):    1.953ns
    Source Clock Delay      (SCD):    1.442ns
    Clock Pessimism Removal (CPR):    0.498ns

    Location             Delay type                Incr(ns)  Path(ns)    Netlist Resource(s)
  -------------------------------------------------------------------    -------------------
                         (clock sys_clk_pin rise edge)
                                                      0.000     0.000 r  
    W5                                                0.000     0.000 r  clk (IN)
                         net (fo=0)                   0.000     0.000    clk
    W5                   IBUF (Prop_ibuf_I_O)         0.226     0.226 r  clk_IBUF_inst/O
                         net (fo=1, routed)           0.631     0.858    clk_IBUF
    BUFGCTRL_X0Y0        BUFG (Prop_bufg_I_O)         0.026     0.884 r  clk_IBUF_BUFG_inst/O
                         net (fo=239, routed)         0.559     1.442    u_countdown/clk_IBUF_BUFG
    SLICE_X56Y20         FDRE                                         r  u_countdown/set_min_reg[1]/C
  -------------------------------------------------------------------    -------------------
    SLICE_X56Y20         FDRE (Prop_fdre_C_Q)         0.164     1.606 r  u_countdown/set_min_reg[1]/Q
                         net (fo=1, routed)           0.082     1.688    u_countdown/set_min[1]
    SLICE_X57Y20         LUT6 (Prop_lut6_I5_O)        0.045     1.733 r  u_countdown/min[1]_i_1/O
                         net (fo=1, routed)           0.000     1.733    u_countdown/min[1]_i_1_n_0
    SLICE_X57Y20         FDRE                                         r  u_countdown/min_reg[1]/D
  -------------------------------------------------------------------    -------------------

                         (clock sys_clk_pin rise edge)
                                                      0.000     0.000 r  
    W5                                                0.000     0.000 r  clk (IN)
                         net (fo=0)                   0.000     0.000    clk
    W5                   IBUF (Prop_ibuf_I_O)         0.414     0.414 r  clk_IBUF_inst/O
                         net (fo=1, routed)           0.685     1.099    clk_IBUF
    BUFGCTRL_X0Y0        BUFG (Prop_bufg_I_O)         0.029     1.128 r  clk_IBUF_BUFG_inst/O
                         net (fo=239, routed)         0.826     1.953    u_countdown/clk_IBUF_BUFG
    SLICE_X57Y20         FDRE                                         r  u_countdown/min_reg[1]/C
                         clock pessimism             -0.498     1.455    
    SLICE_X57Y20         FDRE (Hold_fdre_C_D)         0.091     1.546    u_countdown/min_reg[1]
  -------------------------------------------------------------------
                         required time                         -1.546    
                         arrival time                           1.733    
  -------------------------------------------------------------------
                         slack                                  0.187    

Slack (MET) :             0.191ns  (arrival time - required time)
  Source:                 alarm_min_reg_reg[0]/C
                            (rising edge-triggered cell FDRE clocked by sys_clk_pin  {rise@0.000ns fall@5.000ns period=10.000ns})
  Destination:            alarm_min_reg_reg[5]/D
                            (rising edge-triggered cell FDRE clocked by sys_clk_pin  {rise@0.000ns fall@5.000ns period=10.000ns})
  Path Group:             sys_clk_pin
  Path Type:              Hold (Min at Fast Process Corner)
  Requirement:            0.000ns  (sys_clk_pin rise@0.000ns - sys_clk_pin rise@0.000ns)
  Data Path Delay:        0.295ns  (logic 0.186ns (63.099%)  route 0.109ns (36.901%))
  Logic Levels:           1  (LUT6=1)
  Clock Path Skew:        0.013ns (DCD - SCD - CPR)
    Destination Clock Delay (DCD):    1.975ns
    Source Clock Delay      (SCD):    1.464ns
    Clock Pessimism Removal (CPR):    0.498ns

    Location             Delay type                Incr(ns)  Path(ns)    Netlist Resource(s)
  -------------------------------------------------------------------    -------------------
                         (clock sys_clk_pin rise edge)
                                                      0.000     0.000 r  
    W5                                                0.000     0.000 r  clk (IN)
                         net (fo=0)                   0.000     0.000    clk
    W5                   IBUF (Prop_ibuf_I_O)         0.226     0.226 r  clk_IBUF_inst/O
                         net (fo=1, routed)           0.631     0.858    clk_IBUF
    BUFGCTRL_X0Y0        BUFG (Prop_bufg_I_O)         0.026     0.884 r  clk_IBUF_BUFG_inst/O
                         net (fo=239, routed)         0.581     1.464    clk_IBUF_BUFG
    SLICE_X58Y25         FDRE                                         r  alarm_min_reg_reg[0]/C
  -------------------------------------------------------------------    -------------------
    SLICE_X58Y25         FDRE (Prop_fdre_C_Q)         0.141     1.605 r  alarm_min_reg_reg[0]/Q
                         net (fo=7, routed)           0.109     1.714    alarm_min_reg[0]
    SLICE_X59Y25         LUT6 (Prop_lut6_I2_O)        0.045     1.759 r  alarm_min_reg[5]_i_2/O
                         net (fo=1, routed)           0.000     1.759    alarm_min_reg[5]_i_2_n_0
    SLICE_X59Y25         FDRE                                         r  alarm_min_reg_reg[5]/D
  -------------------------------------------------------------------    -------------------

                         (clock sys_clk_pin rise edge)
                                                      0.000     0.000 r  
    W5                                                0.000     0.000 r  clk (IN)
                         net (fo=0)                   0.000     0.000    clk
    W5                   IBUF (Prop_ibuf_I_O)         0.414     0.414 r  clk_IBUF_inst/O
                         net (fo=1, routed)           0.685     1.099    clk_IBUF
    BUFGCTRL_X0Y0        BUFG (Prop_bufg_I_O)         0.029     1.128 r  clk_IBUF_BUFG_inst/O
                         net (fo=239, routed)         0.848     1.975    clk_IBUF_BUFG
    SLICE_X59Y25         FDRE                                         r  alarm_min_reg_reg[5]/C
                         clock pessimism             -0.498     1.477    
    SLICE_X59Y25         FDRE (Hold_fdre_C_D)         0.091     1.568    alarm_min_reg_reg[5]
  -------------------------------------------------------------------
                         required time                         -1.568    
                         arrival time                           1.759    
  -------------------------------------------------------------------
                         slack                                  0.191    

Slack (MET) :             0.198ns  (arrival time - required time)
  Source:                 db_d/btn_stable_reg/C
                            (rising edge-triggered cell FDRE clocked by sys_clk_pin  {rise@0.000ns fall@5.000ns period=10.000ns})
  Destination:            db_d/last_reg/D
                            (rising edge-triggered cell FDRE clocked by sys_clk_pin  {rise@0.000ns fall@5.000ns period=10.000ns})
  Path Group:             sys_clk_pin
  Path Type:              Hold (Min at Fast Process Corner)
  Requirement:            0.000ns  (sys_clk_pin rise@0.000ns - sys_clk_pin rise@0.000ns)
  Data Path Delay:        0.221ns  (logic 0.148ns (67.018%)  route 0.073ns (32.982%))
  Logic Levels:           0  
  Clock Path Skew:        0.000ns (DCD - SCD - CPR)
    Destination Clock Delay (DCD):    1.951ns
    Source Clock Delay      (SCD):    1.439ns
    Clock Pessimism Removal (CPR):    0.512ns

    Location             Delay type                Incr(ns)  Path(ns)    Netlist Resource(s)
  -------------------------------------------------------------------    -------------------
                         (clock sys_clk_pin rise edge)
                                                      0.000     0.000 r  
    W5                                                0.000     0.000 r  clk (IN)
                         net (fo=0)                   0.000     0.000    clk
    W5                   IBUF (Prop_ibuf_I_O)         0.226     0.226 r  clk_IBUF_inst/O
                         net (fo=1, routed)           0.631     0.858    clk_IBUF
    BUFGCTRL_X0Y0        BUFG (Prop_bufg_I_O)         0.026     0.884 r  clk_IBUF_BUFG_inst/O
                         net (fo=239, routed)         0.556     1.439    db_d/clk_IBUF_BUFG
    SLICE_X54Y27         FDRE                                         r  db_d/btn_stable_reg/C
  -------------------------------------------------------------------    -------------------
    SLICE_X54Y27         FDRE (Prop_fdre_C_Q)         0.148     1.587 r  db_d/btn_stable_reg/Q
                         net (fo=3, routed)           0.073     1.660    db_d/btn_stable_reg_n_0
    SLICE_X54Y27         FDRE                                         r  db_d/last_reg/D
  -------------------------------------------------------------------    -------------------

                         (clock sys_clk_pin rise edge)
                                                      0.000     0.000 r  
    W5                                                0.000     0.000 r  clk (IN)
                         net (fo=0)                   0.000     0.000    clk
    W5                   IBUF (Prop_ibuf_I_O)         0.414     0.414 r  clk_IBUF_inst/O
                         net (fo=1, routed)           0.685     1.099    clk_IBUF
    BUFGCTRL_X0Y0        BUFG (Prop_bufg_I_O)         0.029     1.128 r  clk_IBUF_BUFG_inst/O
                         net (fo=239, routed)         0.824     1.951    db_d/clk_IBUF_BUFG
    SLICE_X54Y27         FDRE                                         r  db_d/last_reg/C
                         clock pessimism             -0.512     1.439    
    SLICE_X54Y27         FDRE (Hold_fdre_C_D)         0.023     1.462    db_d/last_reg
  -------------------------------------------------------------------
                         required time                         -1.462    
                         arrival time                           1.660    
  -------------------------------------------------------------------
                         slack                                  0.198    

Slack (MET) :             0.200ns  (arrival time - required time)
  Source:                 db_r/shift_reg[3]/C
                            (rising edge-triggered cell FDRE clocked by sys_clk_pin  {rise@0.000ns fall@5.000ns period=10.000ns})
  Destination:            db_r/shift_reg[4]/D
                            (rising edge-triggered cell FDRE clocked by sys_clk_pin  {rise@0.000ns fall@5.000ns period=10.000ns})
  Path Group:             sys_clk_pin
  Path Type:              Hold (Min at Fast Process Corner)
  Requirement:            0.000ns  (sys_clk_pin rise@0.000ns - sys_clk_pin rise@0.000ns)
  Data Path Delay:        0.282ns  (logic 0.141ns (50.036%)  route 0.141ns (49.964%))
  Logic Levels:           0  
  Clock Path Skew:        0.036ns (DCD - SCD - CPR)
    Destination Clock Delay (DCD):    1.987ns
    Source Clock Delay      (SCD):    1.473ns
    Clock Pessimism Removal (CPR):    0.478ns

    Location             Delay type                Incr(ns)  Path(ns)    Netlist Resource(s)
  -------------------------------------------------------------------    -------------------
                         (clock sys_clk_pin rise edge)
                                                      0.000     0.000 r  
    W5                                                0.000     0.000 r  clk (IN)
                         net (fo=0)                   0.000     0.000    clk
    W5                   IBUF (Prop_ibuf_I_O)         0.226     0.226 r  clk_IBUF_inst/O
                         net (fo=1, routed)           0.631     0.858    clk_IBUF
    BUFGCTRL_X0Y0        BUFG (Prop_bufg_I_O)         0.026     0.884 r  clk_IBUF_BUFG_inst/O
                         net (fo=239, routed)         0.590     1.473    db_r/clk_IBUF_BUFG
    SLICE_X59Y15         FDRE                                         r  db_r/shift_reg[3]/C
  -------------------------------------------------------------------    -------------------
    SLICE_X59Y15         FDRE (Prop_fdre_C_Q)         0.141     1.614 r  db_r/shift_reg[3]/Q
                         net (fo=3, routed)           0.141     1.755    db_r/p_0_in[4]
    SLICE_X62Y15         FDRE                                         r  db_r/shift_reg[4]/D
  -------------------------------------------------------------------    -------------------

                         (clock sys_clk_pin rise edge)
                                                      0.000     0.000 r  
    W5                                                0.000     0.000 r  clk (IN)
                         net (fo=0)                   0.000     0.000    clk
    W5                   IBUF (Prop_ibuf_I_O)         0.414     0.414 r  clk_IBUF_inst/O
                         net (fo=1, routed)           0.685     1.099    clk_IBUF
    BUFGCTRL_X0Y0        BUFG (Prop_bufg_I_O)         0.029     1.128 r  clk_IBUF_BUFG_inst/O
                         net (fo=239, routed)         0.860     1.987    db_r/clk_IBUF_BUFG
    SLICE_X62Y15         FDRE                                         r  db_r/shift_reg[4]/C
                         clock pessimism             -0.478     1.509    
    SLICE_X62Y15         FDRE (Hold_fdre_C_D)         0.046     1.555    db_r/shift_reg[4]
  -------------------------------------------------------------------
                         required time                         -1.555    
                         arrival time                           1.755    
  -------------------------------------------------------------------
                         slack                                  0.200    





Pulse Width Checks
--------------------------------------------------------------------------------------
Clock Name:         sys_clk_pin
Waveform(ns):       { 0.000 5.000 }
Period(ns):         10.000
Sources:            { clk }

Check Type        Corner  Lib Pin  Reference Pin  Required(ns)  Actual(ns)  Slack(ns)  Location       Pin
Min Period        n/a     BUFG/I   n/a            2.155         10.000      7.845      BUFGCTRL_X0Y0  clk_IBUF_BUFG_inst/I
Min Period        n/a     FDRE/C   n/a            1.000         10.000      9.000      SLICE_X56Y27   alarm_alert_counter_reg[0]/C
Min Period        n/a     FDRE/C   n/a            1.000         10.000      9.000      SLICE_X57Y27   alarm_alert_counter_reg[1]/C
Min Period        n/a     FDRE/C   n/a            1.000         10.000      9.000      SLICE_X57Y27   alarm_alert_counter_reg[2]/C
Min Period        n/a     FDRE/C   n/a            1.000         10.000      9.000      SLICE_X57Y27   alarm_alert_counter_reg[3]/C
Min Period        n/a     FDRE/C   n/a            1.000         10.000      9.000      SLICE_X57Y27   alarm_alert_counter_reg[4]/C
Min Period        n/a     FDRE/C   n/a            1.000         10.000      9.000      SLICE_X58Y21   alarm_hour_reg_reg[0]/C
Min Period        n/a     FDRE/C   n/a            1.000         10.000      9.000      SLICE_X58Y21   alarm_hour_reg_reg[1]/C
Min Period        n/a     FDRE/C   n/a            1.000         10.000      9.000      SLICE_X58Y21   alarm_hour_reg_reg[2]/C
Min Period        n/a     FDRE/C   n/a            1.000         10.000      9.000      SLICE_X58Y21   alarm_hour_reg_reg[3]/C
Low Pulse Width   Slow    FDRE/C   n/a            0.500         5.000       4.500      SLICE_X56Y27   alarm_alert_counter_reg[0]/C
Low Pulse Width   Fast    FDRE/C   n/a            0.500         5.000       4.500      SLICE_X56Y27   alarm_alert_counter_reg[0]/C
Low Pulse Width   Slow    FDRE/C   n/a            0.500         5.000       4.500      SLICE_X57Y27   alarm_alert_counter_reg[1]/C
Low Pulse Width   Fast    FDRE/C   n/a            0.500         5.000       4.500      SLICE_X57Y27   alarm_alert_counter_reg[1]/C
Low Pulse Width   Slow    FDRE/C   n/a            0.500         5.000       4.500      SLICE_X57Y27   alarm_alert_counter_reg[2]/C
Low Pulse Width   Fast    FDRE/C   n/a            0.500         5.000       4.500      SLICE_X57Y27   alarm_alert_counter_reg[2]/C
Low Pulse Width   Slow    FDRE/C   n/a            0.500         5.000       4.500      SLICE_X57Y27   alarm_alert_counter_reg[3]/C
Low Pulse Width   Fast    FDRE/C   n/a            0.500         5.000       4.500      SLICE_X57Y27   alarm_alert_counter_reg[3]/C
Low Pulse Width   Slow    FDRE/C   n/a            0.500         5.000       4.500      SLICE_X57Y27   alarm_alert_counter_reg[4]/C
Low Pulse Width   Fast    FDRE/C   n/a            0.500         5.000       4.500      SLICE_X57Y27   alarm_alert_counter_reg[4]/C
High Pulse Width  Slow    FDRE/C   n/a            0.500         5.000       4.500      SLICE_X56Y27   alarm_alert_counter_reg[0]/C
High Pulse Width  Fast    FDRE/C   n/a            0.500         5.000       4.500      SLICE_X56Y27   alarm_alert_counter_reg[0]/C
High Pulse Width  Slow    FDRE/C   n/a            0.500         5.000       4.500      SLICE_X57Y27   alarm_alert_counter_reg[1]/C
High Pulse Width  Fast    FDRE/C   n/a            0.500         5.000       4.500      SLICE_X57Y27   alarm_alert_counter_reg[1]/C
High Pulse Width  Slow    FDRE/C   n/a            0.500         5.000       4.500      SLICE_X57Y27   alarm_alert_counter_reg[2]/C
High Pulse Width  Fast    FDRE/C   n/a            0.500         5.000       4.500      SLICE_X57Y27   alarm_alert_counter_reg[2]/C
High Pulse Width  Slow    FDRE/C   n/a            0.500         5.000       4.500      SLICE_X57Y27   alarm_alert_counter_reg[3]/C
High Pulse Width  Fast    FDRE/C   n/a            0.500         5.000       4.500      SLICE_X57Y27   alarm_alert_counter_reg[3]/C
High Pulse Width  Slow    FDRE/C   n/a            0.500         5.000       4.500      SLICE_X57Y27   alarm_alert_counter_reg[4]/C
High Pulse Width  Fast    FDRE/C   n/a            0.500         5.000       4.500      SLICE_X57Y27   alarm_alert_counter_reg[4]/C



--------------------------------------------------------------------------------------
Path Group:  (none)
From Clock:  sys_clk_pin
  To Clock:  

Max Delay            27 Endpoints
Min Delay            27 Endpoints
--------------------------------------------------------------------------------------


Max Delay Paths
--------------------------------------------------------------------------------------
Slack:                    inf
  Source:                 alarm_alert_counter_reg[1]/C
                            (rising edge-triggered cell FDRE clocked by sys_clk_pin  {rise@0.000ns fall@5.000ns period=10.000ns})
  Destination:            LD[6]
                            (output port)
  Path Group:             (none)
  Path Type:              Max at Slow Process Corner
  Data Path Delay:        10.851ns  (logic 4.210ns (38.801%)  route 6.641ns (61.199%))
  Logic Levels:           3  (LUT3=1 LUT5=1 OBUF=1)
  Clock Uncertainty:      0.025ns  ((TSJ^2 + TIJ^2)^1/2 + DJ) / 2 + PE
    Total System Jitter     (TSJ):    0.050ns
    Total Input Jitter      (TIJ):    0.000ns
    Discrete Jitter          (DJ):    0.000ns
    Phase Error              (PE):    0.000ns

    Location             Delay type                Incr(ns)  Path(ns)    Netlist Resource(s)
  -------------------------------------------------------------------    -------------------
                         (clock sys_clk_pin rise edge)
                                                      0.000     0.000 r  
    W5                                                0.000     0.000 r  clk (IN)
                         net (fo=0)                   0.000     0.000    clk
    W5                   IBUF (Prop_ibuf_I_O)         1.458     1.458 r  clk_IBUF_inst/O
                         net (fo=1, routed)           1.967     3.425    clk_IBUF
    BUFGCTRL_X0Y0        BUFG (Prop_bufg_I_O)         0.096     3.521 r  clk_IBUF_BUFG_inst/O
                         net (fo=239, routed)         1.554     5.075    clk_IBUF_BUFG
    SLICE_X57Y27         FDRE                                         r  alarm_alert_counter_reg[1]/C
  -------------------------------------------------------------------    -------------------
    SLICE_X57Y27         FDRE (Prop_fdre_C_Q)         0.456     5.531 r  alarm_alert_counter_reg[1]/Q
                         net (fo=6, routed)           0.882     6.413    u_blink/alarm_alert_counter_reg[1]
    SLICE_X57Y27         LUT5 (Prop_lut5_I2_O)        0.124     6.537 f  u_blink/LD_OBUF[15]_inst_i_2/O
                         net (fo=1, routed)           1.046     7.583    u_blink/LD_OBUF[15]_inst_i_2_n_0
    SLICE_X57Y21         LUT3 (Prop_lut3_I2_O)        0.124     7.707 r  u_blink/LD_OBUF[15]_inst_i_1/O
                         net (fo=16, routed)          4.713    12.420    LD_OBUF[0]
    U14                  OBUF (Prop_obuf_I_O)         3.506    15.926 r  LD_OBUF[6]_inst/O
                         net (fo=0)                   0.000    15.926    LD[6]
    U14                                                               r  LD[6] (OUT)
  -------------------------------------------------------------------    -------------------

Slack:                    inf
  Source:                 alarm_alert_counter_reg[1]/C
                            (rising edge-triggered cell FDRE clocked by sys_clk_pin  {rise@0.000ns fall@5.000ns period=10.000ns})
  Destination:            LD[7]
                            (output port)
  Path Group:             (none)
  Path Type:              Max at Slow Process Corner
  Data Path Delay:        10.705ns  (logic 4.205ns (39.277%)  route 6.501ns (60.723%))
  Logic Levels:           3  (LUT3=1 LUT5=1 OBUF=1)
  Clock Uncertainty:      0.025ns  ((TSJ^2 + TIJ^2)^1/2 + DJ) / 2 + PE
    Total System Jitter     (TSJ):    0.050ns
    Total Input Jitter      (TIJ):    0.000ns
    Discrete Jitter          (DJ):    0.000ns
    Phase Error              (PE):    0.000ns

    Location             Delay type                Incr(ns)  Path(ns)    Netlist Resource(s)
  -------------------------------------------------------------------    -------------------
                         (clock sys_clk_pin rise edge)
                                                      0.000     0.000 r  
    W5                                                0.000     0.000 r  clk (IN)
                         net (fo=0)                   0.000     0.000    clk
    W5                   IBUF (Prop_ibuf_I_O)         1.458     1.458 r  clk_IBUF_inst/O
                         net (fo=1, routed)           1.967     3.425    clk_IBUF
    BUFGCTRL_X0Y0        BUFG (Prop_bufg_I_O)         0.096     3.521 r  clk_IBUF_BUFG_inst/O
                         net (fo=239, routed)         1.554     5.075    clk_IBUF_BUFG
    SLICE_X57Y27         FDRE                                         r  alarm_alert_counter_reg[1]/C
  -------------------------------------------------------------------    -------------------
    SLICE_X57Y27         FDRE (Prop_fdre_C_Q)         0.456     5.531 r  alarm_alert_counter_reg[1]/Q
                         net (fo=6, routed)           0.882     6.413    u_blink/alarm_alert_counter_reg[1]
    SLICE_X57Y27         LUT5 (Prop_lut5_I2_O)        0.124     6.537 f  u_blink/LD_OBUF[15]_inst_i_2/O
                         net (fo=1, routed)           1.046     7.583    u_blink/LD_OBUF[15]_inst_i_2_n_0
    SLICE_X57Y21         LUT3 (Prop_lut3_I2_O)        0.124     7.707 r  u_blink/LD_OBUF[15]_inst_i_1/O
                         net (fo=16, routed)          4.572    12.280    LD_OBUF[0]
    V14                  OBUF (Prop_obuf_I_O)         3.501    15.781 r  LD_OBUF[7]_inst/O
                         net (fo=0)                   0.000    15.781    LD[7]
    V14                                                               r  LD[7] (OUT)
  -------------------------------------------------------------------    -------------------

Slack:                    inf
  Source:                 alarm_alert_counter_reg[1]/C
                            (rising edge-triggered cell FDRE clocked by sys_clk_pin  {rise@0.000ns fall@5.000ns period=10.000ns})
  Destination:            LD[15]
                            (output port)
  Path Group:             (none)
  Path Type:              Max at Slow Process Corner
  Data Path Delay:        10.701ns  (logic 4.225ns (39.486%)  route 6.476ns (60.514%))
  Logic Levels:           3  (LUT3=1 LUT5=1 OBUF=1)
  Clock Uncertainty:      0.025ns  ((TSJ^2 + TIJ^2)^1/2 + DJ) / 2 + PE
    Total System Jitter     (TSJ):    0.050ns
    Total Input Jitter      (TIJ):    0.000ns
    Discrete Jitter          (DJ):    0.000ns
    Phase Error              (PE):    0.000ns

    Location             Delay type                Incr(ns)  Path(ns)    Netlist Resource(s)
  -------------------------------------------------------------------    -------------------
                         (clock sys_clk_pin rise edge)
                                                      0.000     0.000 r  
    W5                                                0.000     0.000 r  clk (IN)
                         net (fo=0)                   0.000     0.000    clk
    W5                   IBUF (Prop_ibuf_I_O)         1.458     1.458 r  clk_IBUF_inst/O
                         net (fo=1, routed)           1.967     3.425    clk_IBUF
    BUFGCTRL_X0Y0        BUFG (Prop_bufg_I_O)         0.096     3.521 r  clk_IBUF_BUFG_inst/O
                         net (fo=239, routed)         1.554     5.075    clk_IBUF_BUFG
    SLICE_X57Y27         FDRE                                         r  alarm_alert_counter_reg[1]/C
  -------------------------------------------------------------------    -------------------
    SLICE_X57Y27         FDRE (Prop_fdre_C_Q)         0.456     5.531 r  alarm_alert_counter_reg[1]/Q
                         net (fo=6, routed)           0.882     6.413    u_blink/alarm_alert_counter_reg[1]
    SLICE_X57Y27         LUT5 (Prop_lut5_I2_O)        0.124     6.537 f  u_blink/LD_OBUF[15]_inst_i_2/O
                         net (fo=1, routed)           1.046     7.583    u_blink/LD_OBUF[15]_inst_i_2_n_0
    SLICE_X57Y21         LUT3 (Prop_lut3_I2_O)        0.124     7.707 r  u_blink/LD_OBUF[15]_inst_i_1/O
                         net (fo=16, routed)          4.548    12.255    LD_OBUF[0]
    L1                   OBUF (Prop_obuf_I_O)         3.521    15.776 r  LD_OBUF[15]_inst/O
                         net (fo=0)                   0.000    15.776    LD[15]
    L1                                                                r  LD[15] (OUT)
  -------------------------------------------------------------------    -------------------

Slack:                    inf
  Source:                 alarm_alert_counter_reg[1]/C
                            (rising edge-triggered cell FDRE clocked by sys_clk_pin  {rise@0.000ns fall@5.000ns period=10.000ns})
  Destination:            LD[8]
                            (output port)
  Path Group:             (none)
  Path Type:              Max at Slow Process Corner
  Data Path Delay:        10.559ns  (logic 4.208ns (39.854%)  route 6.351ns (60.146%))
  Logic Levels:           3  (LUT3=1 LUT5=1 OBUF=1)
  Clock Uncertainty:      0.025ns  ((TSJ^2 + TIJ^2)^1/2 + DJ) / 2 + PE
    Total System Jitter     (TSJ):    0.050ns
    Total Input Jitter      (TIJ):    0.000ns
    Discrete Jitter          (DJ):    0.000ns
    Phase Error              (PE):    0.000ns

    Location             Delay type                Incr(ns)  Path(ns)    Netlist Resource(s)
  -------------------------------------------------------------------    -------------------
                         (clock sys_clk_pin rise edge)
                                                      0.000     0.000 r  
    W5                                                0.000     0.000 r  clk (IN)
                         net (fo=0)                   0.000     0.000    clk
    W5                   IBUF (Prop_ibuf_I_O)         1.458     1.458 r  clk_IBUF_inst/O
                         net (fo=1, routed)           1.967     3.425    clk_IBUF
    BUFGCTRL_X0Y0        BUFG (Prop_bufg_I_O)         0.096     3.521 r  clk_IBUF_BUFG_inst/O
                         net (fo=239, routed)         1.554     5.075    clk_IBUF_BUFG
    SLICE_X57Y27         FDRE                                         r  alarm_alert_counter_reg[1]/C
  -------------------------------------------------------------------    -------------------
    SLICE_X57Y27         FDRE (Prop_fdre_C_Q)         0.456     5.531 r  alarm_alert_counter_reg[1]/Q
                         net (fo=6, routed)           0.882     6.413    u_blink/alarm_alert_counter_reg[1]
    SLICE_X57Y27         LUT5 (Prop_lut5_I2_O)        0.124     6.537 f  u_blink/LD_OBUF[15]_inst_i_2/O
                         net (fo=1, routed)           1.046     7.583    u_blink/LD_OBUF[15]_inst_i_2_n_0
    SLICE_X57Y21         LUT3 (Prop_lut3_I2_O)        0.124     7.707 r  u_blink/LD_OBUF[15]_inst_i_1/O
                         net (fo=16, routed)          4.423    12.130    LD_OBUF[0]
    V13                  OBUF (Prop_obuf_I_O)         3.504    15.634 r  LD_OBUF[8]_inst/O
                         net (fo=0)                   0.000    15.634    LD[8]
    V13                                                               r  LD[8] (OUT)
  -------------------------------------------------------------------    -------------------

Slack:                    inf
  Source:                 alarm_alert_counter_reg[1]/C
                            (rising edge-triggered cell FDRE clocked by sys_clk_pin  {rise@0.000ns fall@5.000ns period=10.000ns})
  Destination:            LD[0]
                            (output port)
  Path Group:             (none)
  Path Type:              Max at Slow Process Corner
  Data Path Delay:        10.410ns  (logic 4.209ns (40.432%)  route 6.201ns (59.568%))
  Logic Levels:           3  (LUT3=1 LUT5=1 OBUF=1)
  Clock Uncertainty:      0.025ns  ((TSJ^2 + TIJ^2)^1/2 + DJ) / 2 + PE
    Total System Jitter     (TSJ):    0.050ns
    Total Input Jitter      (TIJ):    0.000ns
    Discrete Jitter          (DJ):    0.000ns
    Phase Error              (PE):    0.000ns

    Location             Delay type                Incr(ns)  Path(ns)    Netlist Resource(s)
  -------------------------------------------------------------------    -------------------
                         (clock sys_clk_pin rise edge)
                                                      0.000     0.000 r  
    W5                                                0.000     0.000 r  clk (IN)
                         net (fo=0)                   0.000     0.000    clk
    W5                   IBUF (Prop_ibuf_I_O)         1.458     1.458 r  clk_IBUF_inst/O
                         net (fo=1, routed)           1.967     3.425    clk_IBUF
    BUFGCTRL_X0Y0        BUFG (Prop_bufg_I_O)         0.096     3.521 r  clk_IBUF_BUFG_inst/O
                         net (fo=239, routed)         1.554     5.075    clk_IBUF_BUFG
    SLICE_X57Y27         FDRE                                         r  alarm_alert_counter_reg[1]/C
  -------------------------------------------------------------------    -------------------
    SLICE_X57Y27         FDRE (Prop_fdre_C_Q)         0.456     5.531 r  alarm_alert_counter_reg[1]/Q
                         net (fo=6, routed)           0.882     6.413    u_blink/alarm_alert_counter_reg[1]
    SLICE_X57Y27         LUT5 (Prop_lut5_I2_O)        0.124     6.537 f  u_blink/LD_OBUF[15]_inst_i_2/O
                         net (fo=1, routed)           1.046     7.583    u_blink/LD_OBUF[15]_inst_i_2_n_0
    SLICE_X57Y21         LUT3 (Prop_lut3_I2_O)        0.124     7.707 r  u_blink/LD_OBUF[15]_inst_i_1/O
                         net (fo=16, routed)          4.273    11.980    LD_OBUF[0]
    U16                  OBUF (Prop_obuf_I_O)         3.505    15.485 r  LD_OBUF[0]_inst/O
                         net (fo=0)                   0.000    15.485    LD[0]
    U16                                                               r  LD[0] (OUT)
  -------------------------------------------------------------------    -------------------

Slack:                    inf
  Source:                 alarm_alert_counter_reg[1]/C
                            (rising edge-triggered cell FDRE clocked by sys_clk_pin  {rise@0.000ns fall@5.000ns period=10.000ns})
  Destination:            LD[12]
                            (output port)
  Path Group:             (none)
  Path Type:              Max at Slow Process Corner
  Data Path Delay:        10.298ns  (logic 4.222ns (40.997%)  route 6.076ns (59.003%))
  Logic Levels:           3  (LUT3=1 LUT5=1 OBUF=1)
  Clock Uncertainty:      0.025ns  ((TSJ^2 + TIJ^2)^1/2 + DJ) / 2 + PE
    Total System Jitter     (TSJ):    0.050ns
    Total Input Jitter      (TIJ):    0.000ns
    Discrete Jitter          (DJ):    0.000ns
    Phase Error              (PE):    0.000ns

    Location             Delay type                Incr(ns)  Path(ns)    Netlist Resource(s)
  -------------------------------------------------------------------    -------------------
                         (clock sys_clk_pin rise edge)
                                                      0.000     0.000 r  
    W5                                                0.000     0.000 r  clk (IN)
                         net (fo=0)                   0.000     0.000    clk
    W5                   IBUF (Prop_ibuf_I_O)         1.458     1.458 r  clk_IBUF_inst/O
                         net (fo=1, routed)           1.967     3.425    clk_IBUF
    BUFGCTRL_X0Y0        BUFG (Prop_bufg_I_O)         0.096     3.521 r  clk_IBUF_BUFG_inst/O
                         net (fo=239, routed)         1.554     5.075    clk_IBUF_BUFG
    SLICE_X57Y27         FDRE                                         r  alarm_alert_counter_reg[1]/C
  -------------------------------------------------------------------    -------------------
    SLICE_X57Y27         FDRE (Prop_fdre_C_Q)         0.456     5.531 r  alarm_alert_counter_reg[1]/Q
                         net (fo=6, routed)           0.882     6.413    u_blink/alarm_alert_counter_reg[1]
    SLICE_X57Y27         LUT5 (Prop_lut5_I2_O)        0.124     6.537 f  u_blink/LD_OBUF[15]_inst_i_2/O
                         net (fo=1, routed)           1.046     7.583    u_blink/LD_OBUF[15]_inst_i_2_n_0
    SLICE_X57Y21         LUT3 (Prop_lut3_I2_O)        0.124     7.707 r  u_blink/LD_OBUF[15]_inst_i_1/O
                         net (fo=16, routed)          4.148    11.856    LD_OBUF[0]
    P3                   OBUF (Prop_obuf_I_O)         3.518    15.374 r  LD_OBUF[12]_inst/O
                         net (fo=0)                   0.000    15.374    LD[12]
    P3                                                                r  LD[12] (OUT)
  -------------------------------------------------------------------    -------------------

Slack:                    inf
  Source:                 alarm_alert_counter_reg[1]/C
                            (rising edge-triggered cell FDRE clocked by sys_clk_pin  {rise@0.000ns fall@5.000ns period=10.000ns})
  Destination:            LD[13]
                            (output port)
  Path Group:             (none)
  Path Type:              Max at Slow Process Corner
  Data Path Delay:        10.288ns  (logic 4.211ns (40.934%)  route 6.077ns (59.066%))
  Logic Levels:           3  (LUT3=1 LUT5=1 OBUF=1)
  Clock Uncertainty:      0.025ns  ((TSJ^2 + TIJ^2)^1/2 + DJ) / 2 + PE
    Total System Jitter     (TSJ):    0.050ns
    Total Input Jitter      (TIJ):    0.000ns
    Discrete Jitter          (DJ):    0.000ns
    Phase Error              (PE):    0.000ns

    Location             Delay type                Incr(ns)  Path(ns)    Netlist Resource(s)
  -------------------------------------------------------------------    -------------------
                         (clock sys_clk_pin rise edge)
                                                      0.000     0.000 r  
    W5                                                0.000     0.000 r  clk (IN)
                         net (fo=0)                   0.000     0.000    clk
    W5                   IBUF (Prop_ibuf_I_O)         1.458     1.458 r  clk_IBUF_inst/O
                         net (fo=1, routed)           1.967     3.425    clk_IBUF
    BUFGCTRL_X0Y0        BUFG (Prop_bufg_I_O)         0.096     3.521 r  clk_IBUF_BUFG_inst/O
                         net (fo=239, routed)         1.554     5.075    clk_IBUF_BUFG
    SLICE_X57Y27         FDRE                                         r  alarm_alert_counter_reg[1]/C
  -------------------------------------------------------------------    -------------------
    SLICE_X57Y27         FDRE (Prop_fdre_C_Q)         0.456     5.531 r  alarm_alert_counter_reg[1]/Q
                         net (fo=6, routed)           0.882     6.413    u_blink/alarm_alert_counter_reg[1]
    SLICE_X57Y27         LUT5 (Prop_lut5_I2_O)        0.124     6.537 f  u_blink/LD_OBUF[15]_inst_i_2/O
                         net (fo=1, routed)           1.046     7.583    u_blink/LD_OBUF[15]_inst_i_2_n_0
    SLICE_X57Y21         LUT3 (Prop_lut3_I2_O)        0.124     7.707 r  u_blink/LD_OBUF[15]_inst_i_1/O
                         net (fo=16, routed)          4.149    11.856    LD_OBUF[0]
    N3                   OBUF (Prop_obuf_I_O)         3.507    15.363 r  LD_OBUF[13]_inst/O
                         net (fo=0)                   0.000    15.363    LD[13]
    N3                                                                r  LD[13] (OUT)
  -------------------------------------------------------------------    -------------------

Slack:                    inf
  Source:                 alarm_alert_counter_reg[1]/C
                            (rising edge-triggered cell FDRE clocked by sys_clk_pin  {rise@0.000ns fall@5.000ns period=10.000ns})
  Destination:            LD[5]
                            (output port)
  Path Group:             (none)
  Path Type:              Max at Slow Process Corner
  Data Path Delay:        10.269ns  (logic 4.218ns (41.079%)  route 6.051ns (58.921%))
  Logic Levels:           3  (LUT3=1 LUT5=1 OBUF=1)
  Clock Uncertainty:      0.025ns  ((TSJ^2 + TIJ^2)^1/2 + DJ) / 2 + PE
    Total System Jitter     (TSJ):    0.050ns
    Total Input Jitter      (TIJ):    0.000ns
    Discrete Jitter          (DJ):    0.000ns
    Phase Error              (PE):    0.000ns

    Location             Delay type                Incr(ns)  Path(ns)    Netlist Resource(s)
  -------------------------------------------------------------------    -------------------
                         (clock sys_clk_pin rise edge)
                                                      0.000     0.000 r  
    W5                                                0.000     0.000 r  clk (IN)
                         net (fo=0)                   0.000     0.000    clk
    W5                   IBUF (Prop_ibuf_I_O)         1.458     1.458 r  clk_IBUF_inst/O
                         net (fo=1, routed)           1.967     3.425    clk_IBUF
    BUFGCTRL_X0Y0        BUFG (Prop_bufg_I_O)         0.096     3.521 r  clk_IBUF_BUFG_inst/O
                         net (fo=239, routed)         1.554     5.075    clk_IBUF_BUFG
    SLICE_X57Y27         FDRE                                         r  alarm_alert_counter_reg[1]/C
  -------------------------------------------------------------------    -------------------
    SLICE_X57Y27         FDRE (Prop_fdre_C_Q)         0.456     5.531 r  alarm_alert_counter_reg[1]/Q
                         net (fo=6, routed)           0.882     6.413    u_blink/alarm_alert_counter_reg[1]
    SLICE_X57Y27         LUT5 (Prop_lut5_I2_O)        0.124     6.537 f  u_blink/LD_OBUF[15]_inst_i_2/O
                         net (fo=1, routed)           1.046     7.583    u_blink/LD_OBUF[15]_inst_i_2_n_0
    SLICE_X57Y21         LUT3 (Prop_lut3_I2_O)        0.124     7.707 r  u_blink/LD_OBUF[15]_inst_i_1/O
                         net (fo=16, routed)          4.123    11.830    LD_OBUF[0]
    U15                  OBUF (Prop_obuf_I_O)         3.514    15.345 r  LD_OBUF[5]_inst/O
                         net (fo=0)                   0.000    15.345    LD[5]
    U15                                                               r  LD[5] (OUT)
  -------------------------------------------------------------------    -------------------

Slack:                    inf
  Source:                 alarm_alert_counter_reg[1]/C
                            (rising edge-triggered cell FDRE clocked by sys_clk_pin  {rise@0.000ns fall@5.000ns period=10.000ns})
  Destination:            LD[1]
                            (output port)
  Path Group:             (none)
  Path Type:              Max at Slow Process Corner
  Data Path Delay:        10.084ns  (logic 4.234ns (41.985%)  route 5.850ns (58.015%))
  Logic Levels:           3  (LUT3=1 LUT5=1 OBUF=1)
  Clock Uncertainty:      0.025ns  ((TSJ^2 + TIJ^2)^1/2 + DJ) / 2 + PE
    Total System Jitter     (TSJ):    0.050ns
    Total Input Jitter      (TIJ):    0.000ns
    Discrete Jitter          (DJ):    0.000ns
    Phase Error              (PE):    0.000ns

    Location             Delay type                Incr(ns)  Path(ns)    Netlist Resource(s)
  -------------------------------------------------------------------    -------------------
                         (clock sys_clk_pin rise edge)
                                                      0.000     0.000 r  
    W5                                                0.000     0.000 r  clk (IN)
                         net (fo=0)                   0.000     0.000    clk
    W5                   IBUF (Prop_ibuf_I_O)         1.458     1.458 r  clk_IBUF_inst/O
                         net (fo=1, routed)           1.967     3.425    clk_IBUF
    BUFGCTRL_X0Y0        BUFG (Prop_bufg_I_O)         0.096     3.521 r  clk_IBUF_BUFG_inst/O
                         net (fo=239, routed)         1.554     5.075    clk_IBUF_BUFG
    SLICE_X57Y27         FDRE                                         r  alarm_alert_counter_reg[1]/C
  -------------------------------------------------------------------    -------------------
    SLICE_X57Y27         FDRE (Prop_fdre_C_Q)         0.456     5.531 r  alarm_alert_counter_reg[1]/Q
                         net (fo=6, routed)           0.882     6.413    u_blink/alarm_alert_counter_reg[1]
    SLICE_X57Y27         LUT5 (Prop_lut5_I2_O)        0.124     6.537 f  u_blink/LD_OBUF[15]_inst_i_2/O
                         net (fo=1, routed)           1.046     7.583    u_blink/LD_OBUF[15]_inst_i_2_n_0
    SLICE_X57Y21         LUT3 (Prop_lut3_I2_O)        0.124     7.707 r  u_blink/LD_OBUF[15]_inst_i_1/O
                         net (fo=16, routed)          3.922    11.629    LD_OBUF[0]
    E19                  OBUF (Prop_obuf_I_O)         3.530    15.159 r  LD_OBUF[1]_inst/O
                         net (fo=0)                   0.000    15.159    LD[1]
    E19                                                               r  LD[1] (OUT)
  -------------------------------------------------------------------    -------------------

Slack:                    inf
  Source:                 alarm_alert_counter_reg[1]/C
                            (rising edge-triggered cell FDRE clocked by sys_clk_pin  {rise@0.000ns fall@5.000ns period=10.000ns})
  Destination:            LD[4]
                            (output port)
  Path Group:             (none)
  Path Type:              Max at Slow Process Corner
  Data Path Delay:        9.700ns  (logic 4.213ns (43.428%)  route 5.488ns (56.572%))
  Logic Levels:           3  (LUT3=1 LUT5=1 OBUF=1)
  Clock Uncertainty:      0.025ns  ((TSJ^2 + TIJ^2)^1/2 + DJ) / 2 + PE
    Total System Jitter     (TSJ):    0.050ns
    Total Input Jitter      (TIJ):    0.000ns
    Discrete Jitter          (DJ):    0.000ns
    Phase Error              (PE):    0.000ns

    Location             Delay type                Incr(ns)  Path(ns)    Netlist Resource(s)
  -------------------------------------------------------------------    -------------------
                         (clock sys_clk_pin rise edge)
                                                      0.000     0.000 r  
    W5                                                0.000     0.000 r  clk (IN)
                         net (fo=0)                   0.000     0.000    clk
    W5                   IBUF (Prop_ibuf_I_O)         1.458     1.458 r  clk_IBUF_inst/O
                         net (fo=1, routed)           1.967     3.425    clk_IBUF
    BUFGCTRL_X0Y0        BUFG (Prop_bufg_I_O)         0.096     3.521 r  clk_IBUF_BUFG_inst/O
                         net (fo=239, routed)         1.554     5.075    clk_IBUF_BUFG
    SLICE_X57Y27         FDRE                                         r  alarm_alert_counter_reg[1]/C
  -------------------------------------------------------------------    -------------------
    SLICE_X57Y27         FDRE (Prop_fdre_C_Q)         0.456     5.531 r  alarm_alert_counter_reg[1]/Q
                         net (fo=6, routed)           0.882     6.413    u_blink/alarm_alert_counter_reg[1]
    SLICE_X57Y27         LUT5 (Prop_lut5_I2_O)        0.124     6.537 f  u_blink/LD_OBUF[15]_inst_i_2/O
                         net (fo=1, routed)           1.046     7.583    u_blink/LD_OBUF[15]_inst_i_2_n_0
    SLICE_X57Y21         LUT3 (Prop_lut3_I2_O)        0.124     7.707 r  u_blink/LD_OBUF[15]_inst_i_1/O
                         net (fo=16, routed)          3.560    11.267    LD_OBUF[0]
    W18                  OBUF (Prop_obuf_I_O)         3.509    14.775 r  LD_OBUF[4]_inst/O
                         net (fo=0)                   0.000    14.775    LD[4]
    W18                                                               r  LD[4] (OUT)
  -------------------------------------------------------------------    -------------------





Min Delay Paths
--------------------------------------------------------------------------------------
Slack:                    inf
  Source:                 u_seg/IO_SSEG_reg[4]/C
                            (rising edge-triggered cell FDRE clocked by sys_clk_pin  {rise@0.000ns fall@5.000ns period=10.000ns})
  Destination:            IO_SSEG[4]
                            (output port)
  Path Group:             (none)
  Path Type:              Min at Fast Process Corner
  Data Path Delay:        1.713ns  (logic 1.362ns (79.486%)  route 0.351ns (20.514%))
  Logic Levels:           1  (OBUF=1)
  Clock Uncertainty:      0.025ns  ((TSJ^2 + TIJ^2)^1/2 + DJ) / 2 + PE
    Total System Jitter     (TSJ):    0.050ns
    Total Input Jitter      (TIJ):    0.000ns
    Discrete Jitter          (DJ):    0.000ns
    Phase Error              (PE):    0.000ns

    Location             Delay type                Incr(ns)  Path(ns)    Netlist Resource(s)
  -------------------------------------------------------------------    -------------------
                         (clock sys_clk_pin rise edge)
                                                      0.000     0.000 r  
    W5                                                0.000     0.000 r  clk (IN)
                         net (fo=0)                   0.000     0.000    clk
    W5                   IBUF (Prop_ibuf_I_O)         0.226     0.226 r  clk_IBUF_inst/O
                         net (fo=1, routed)           0.631     0.858    clk_IBUF
    BUFGCTRL_X0Y0        BUFG (Prop_bufg_I_O)         0.026     0.884 r  clk_IBUF_BUFG_inst/O
                         net (fo=239, routed)         0.585     1.468    u_seg/clk_IBUF_BUFG
    SLICE_X62Y22         FDRE                                         r  u_seg/IO_SSEG_reg[4]/C
  -------------------------------------------------------------------    -------------------
    SLICE_X62Y22         FDRE (Prop_fdre_C_Q)         0.141     1.609 r  u_seg/IO_SSEG_reg[4]/Q
                         net (fo=1, routed)           0.351     1.961    IO_SSEG_OBUF[4]
    U5                   OBUF (Prop_obuf_I_O)         1.221     3.181 r  IO_SSEG_OBUF[4]_inst/O
                         net (fo=0)                   0.000     3.181    IO_SSEG[4]
    U5                                                                r  IO_SSEG[4] (OUT)
  -------------------------------------------------------------------    -------------------

Slack:                    inf
  Source:                 u_seg/IO_SSEG_reg[2]/C
                            (rising edge-triggered cell FDRE clocked by sys_clk_pin  {rise@0.000ns fall@5.000ns period=10.000ns})
  Destination:            IO_SSEG[2]
                            (output port)
  Path Group:             (none)
  Path Type:              Min at Fast Process Corner
  Data Path Delay:        1.718ns  (logic 1.377ns (80.144%)  route 0.341ns (19.856%))
  Logic Levels:           1  (OBUF=1)
  Clock Uncertainty:      0.025ns  ((TSJ^2 + TIJ^2)^1/2 + DJ) / 2 + PE
    Total System Jitter     (TSJ):    0.050ns
    Total Input Jitter      (TIJ):    0.000ns
    Discrete Jitter          (DJ):    0.000ns
    Phase Error              (PE):    0.000ns

    Location             Delay type                Incr(ns)  Path(ns)    Netlist Resource(s)
  -------------------------------------------------------------------    -------------------
                         (clock sys_clk_pin rise edge)
                                                      0.000     0.000 r  
    W5                                                0.000     0.000 r  clk (IN)
                         net (fo=0)                   0.000     0.000    clk
    W5                   IBUF (Prop_ibuf_I_O)         0.226     0.226 r  clk_IBUF_inst/O
                         net (fo=1, routed)           0.631     0.858    clk_IBUF
    BUFGCTRL_X0Y0        BUFG (Prop_bufg_I_O)         0.026     0.884 r  clk_IBUF_BUFG_inst/O
                         net (fo=239, routed)         0.585     1.468    u_seg/clk_IBUF_BUFG
    SLICE_X62Y22         FDRE                                         r  u_seg/IO_SSEG_reg[2]/C
  -------------------------------------------------------------------    -------------------
    SLICE_X62Y22         FDRE (Prop_fdre_C_Q)         0.141     1.609 r  u_seg/IO_SSEG_reg[2]/Q
                         net (fo=1, routed)           0.341     1.950    IO_SSEG_OBUF[2]
    U8                   OBUF (Prop_obuf_I_O)         1.236     3.186 r  IO_SSEG_OBUF[2]_inst/O
                         net (fo=0)                   0.000     3.186    IO_SSEG[2]
    U8                                                                r  IO_SSEG[2] (OUT)
  -------------------------------------------------------------------    -------------------

Slack:                    inf
  Source:                 u_seg/IO_SSEG_SEL_reg[2]/C
                            (rising edge-triggered cell FDRE clocked by sys_clk_pin  {rise@0.000ns fall@5.000ns period=10.000ns})
  Destination:            IO_SSEG_SEL[2]
                            (output port)
  Path Group:             (none)
  Path Type:              Min at Fast Process Corner
  Data Path Delay:        1.757ns  (logic 1.365ns (77.672%)  route 0.392ns (22.328%))
  Logic Levels:           1  (OBUF=1)
  Clock Uncertainty:      0.025ns  ((TSJ^2 + TIJ^2)^1/2 + DJ) / 2 + PE
    Total System Jitter     (TSJ):    0.050ns
    Total Input Jitter      (TIJ):    0.000ns
    Discrete Jitter          (DJ):    0.000ns
    Phase Error              (PE):    0.000ns

    Location             Delay type                Incr(ns)  Path(ns)    Netlist Resource(s)
  -------------------------------------------------------------------    -------------------
                         (clock sys_clk_pin rise edge)
                                                      0.000     0.000 r  
    W5                                                0.000     0.000 r  clk (IN)
                         net (fo=0)                   0.000     0.000    clk
    W5                   IBUF (Prop_ibuf_I_O)         0.226     0.226 r  clk_IBUF_inst/O
                         net (fo=1, routed)           0.631     0.858    clk_IBUF
    BUFGCTRL_X0Y0        BUFG (Prop_bufg_I_O)         0.026     0.884 r  clk_IBUF_BUFG_inst/O
                         net (fo=239, routed)         0.582     1.465    u_seg/clk_IBUF_BUFG
    SLICE_X65Y24         FDRE                                         r  u_seg/IO_SSEG_SEL_reg[2]/C
  -------------------------------------------------------------------    -------------------
    SLICE_X65Y24         FDRE (Prop_fdre_C_Q)         0.141     1.606 r  u_seg/IO_SSEG_SEL_reg[2]/Q
                         net (fo=1, routed)           0.392     1.999    IO_SSEG_SEL_OBUF[2]
    V4                   OBUF (Prop_obuf_I_O)         1.224     3.222 r  IO_SSEG_SEL_OBUF[2]_inst/O
                         net (fo=0)                   0.000     3.222    IO_SSEG_SEL[2]
    V4                                                                r  IO_SSEG_SEL[2] (OUT)
  -------------------------------------------------------------------    -------------------

Slack:                    inf
  Source:                 u_seg/IO_SSEG_SEL_reg[3]/C
                            (rising edge-triggered cell FDRE clocked by sys_clk_pin  {rise@0.000ns fall@5.000ns period=10.000ns})
  Destination:            IO_SSEG_SEL[3]
                            (output port)
  Path Group:             (none)
  Path Type:              Min at Fast Process Corner
  Data Path Delay:        1.762ns  (logic 1.392ns (79.016%)  route 0.370ns (20.984%))
  Logic Levels:           1  (OBUF=1)
  Clock Uncertainty:      0.025ns  ((TSJ^2 + TIJ^2)^1/2 + DJ) / 2 + PE
    Total System Jitter     (TSJ):    0.050ns
    Total Input Jitter      (TIJ):    0.000ns
    Discrete Jitter          (DJ):    0.000ns
    Phase Error              (PE):    0.000ns

    Location             Delay type                Incr(ns)  Path(ns)    Netlist Resource(s)
  -------------------------------------------------------------------    -------------------
                         (clock sys_clk_pin rise edge)
                                                      0.000     0.000 r  
    W5                                                0.000     0.000 r  clk (IN)
                         net (fo=0)                   0.000     0.000    clk
    W5                   IBUF (Prop_ibuf_I_O)         0.226     0.226 r  clk_IBUF_inst/O
                         net (fo=1, routed)           0.631     0.858    clk_IBUF
    BUFGCTRL_X0Y0        BUFG (Prop_bufg_I_O)         0.026     0.884 r  clk_IBUF_BUFG_inst/O
                         net (fo=239, routed)         0.582     1.465    u_seg/clk_IBUF_BUFG
    SLICE_X65Y24         FDRE                                         r  u_seg/IO_SSEG_SEL_reg[3]/C
  -------------------------------------------------------------------    -------------------
    SLICE_X65Y24         FDRE (Prop_fdre_C_Q)         0.128     1.593 r  u_seg/IO_SSEG_SEL_reg[3]/Q
                         net (fo=1, routed)           0.370     1.963    IO_SSEG_SEL_OBUF[3]
    W4                   OBUF (Prop_obuf_I_O)         1.264     3.227 r  IO_SSEG_SEL_OBUF[3]_inst/O
                         net (fo=0)                   0.000     3.227    IO_SSEG_SEL[3]
    W4                                                                r  IO_SSEG_SEL[3] (OUT)
  -------------------------------------------------------------------    -------------------

Slack:                    inf
  Source:                 u_seg/IO_SSEG_reg[1]/C
                            (rising edge-triggered cell FDRE clocked by sys_clk_pin  {rise@0.000ns fall@5.000ns period=10.000ns})
  Destination:            IO_SSEG[1]
                            (output port)
  Path Group:             (none)
  Path Type:              Min at Fast Process Corner
  Data Path Delay:        1.760ns  (logic 1.412ns (80.236%)  route 0.348ns (19.764%))
  Logic Levels:           1  (OBUF=1)
  Clock Uncertainty:      0.025ns  ((TSJ^2 + TIJ^2)^1/2 + DJ) / 2 + PE
    Total System Jitter     (TSJ):    0.050ns
    Total Input Jitter      (TIJ):    0.000ns
    Discrete Jitter          (DJ):    0.000ns
    Phase Error              (PE):    0.000ns

    Location             Delay type                Incr(ns)  Path(ns)    Netlist Resource(s)
  -------------------------------------------------------------------    -------------------
                         (clock sys_clk_pin rise edge)
                                                      0.000     0.000 r  
    W5                                                0.000     0.000 r  clk (IN)
                         net (fo=0)                   0.000     0.000    clk
    W5                   IBUF (Prop_ibuf_I_O)         0.226     0.226 r  clk_IBUF_inst/O
                         net (fo=1, routed)           0.631     0.858    clk_IBUF
    BUFGCTRL_X0Y0        BUFG (Prop_bufg_I_O)         0.026     0.884 r  clk_IBUF_BUFG_inst/O
                         net (fo=239, routed)         0.585     1.468    u_seg/clk_IBUF_BUFG
    SLICE_X62Y22         FDRE                                         r  u_seg/IO_SSEG_reg[1]/C
  -------------------------------------------------------------------    -------------------
    SLICE_X62Y22         FDRE (Prop_fdre_C_Q)         0.128     1.596 r  u_seg/IO_SSEG_reg[1]/Q
                         net (fo=1, routed)           0.348     1.944    IO_SSEG_OBUF[1]
    W6                   OBUF (Prop_obuf_I_O)         1.284     3.228 r  IO_SSEG_OBUF[1]_inst/O
                         net (fo=0)                   0.000     3.228    IO_SSEG[1]
    W6                                                                r  IO_SSEG[1] (OUT)
  -------------------------------------------------------------------    -------------------

Slack:                    inf
  Source:                 u_seg/IO_SSEG_reg[0]/C
                            (rising edge-triggered cell FDRE clocked by sys_clk_pin  {rise@0.000ns fall@5.000ns period=10.000ns})
  Destination:            IO_SSEG[0]
                            (output port)
  Path Group:             (none)
  Path Type:              Min at Fast Process Corner
  Data Path Delay:        1.763ns  (logic 1.353ns (76.726%)  route 0.410ns (23.274%))
  Logic Levels:           1  (OBUF=1)
  Clock Uncertainty:      0.025ns  ((TSJ^2 + TIJ^2)^1/2 + DJ) / 2 + PE
    Total System Jitter     (TSJ):    0.050ns
    Total Input Jitter      (TIJ):    0.000ns
    Discrete Jitter          (DJ):    0.000ns
    Phase Error              (PE):    0.000ns

    Location             Delay type                Incr(ns)  Path(ns)    Netlist Resource(s)
  -------------------------------------------------------------------    -------------------
                         (clock sys_clk_pin rise edge)
                                                      0.000     0.000 r  
    W5                                                0.000     0.000 r  clk (IN)
                         net (fo=0)                   0.000     0.000    clk
    W5                   IBUF (Prop_ibuf_I_O)         0.226     0.226 r  clk_IBUF_inst/O
                         net (fo=1, routed)           0.631     0.858    clk_IBUF
    BUFGCTRL_X0Y0        BUFG (Prop_bufg_I_O)         0.026     0.884 r  clk_IBUF_BUFG_inst/O
                         net (fo=239, routed)         0.585     1.468    u_seg/clk_IBUF_BUFG
    SLICE_X62Y22         FDRE                                         r  u_seg/IO_SSEG_reg[0]/C
  -------------------------------------------------------------------    -------------------
    SLICE_X62Y22         FDRE (Prop_fdre_C_Q)         0.141     1.609 r  u_seg/IO_SSEG_reg[0]/Q
                         net (fo=1, routed)           0.410     2.019    IO_SSEG_OBUF[0]
    W7                   OBUF (Prop_obuf_I_O)         1.212     3.231 r  IO_SSEG_OBUF[0]_inst/O
                         net (fo=0)                   0.000     3.231    IO_SSEG[0]
    W7                                                                r  IO_SSEG[0] (OUT)
  -------------------------------------------------------------------    -------------------

Slack:                    inf
  Source:                 u_seg/IO_SSEG_SEL_reg[1]/C
                            (rising edge-triggered cell FDRE clocked by sys_clk_pin  {rise@0.000ns fall@5.000ns period=10.000ns})
  Destination:            IO_SSEG_SEL[1]
                            (output port)
  Path Group:             (none)
  Path Type:              Min at Fast Process Corner
  Data Path Delay:        1.777ns  (logic 1.382ns (77.767%)  route 0.395ns (22.233%))
  Logic Levels:           1  (OBUF=1)
  Clock Uncertainty:      0.025ns  ((TSJ^2 + TIJ^2)^1/2 + DJ) / 2 + PE
    Total System Jitter     (TSJ):    0.050ns
    Total Input Jitter      (TIJ):    0.000ns
    Discrete Jitter          (DJ):    0.000ns
    Phase Error              (PE):    0.000ns

    Location             Delay type                Incr(ns)  Path(ns)    Netlist Resource(s)
  -------------------------------------------------------------------    -------------------
                         (clock sys_clk_pin rise edge)
                                                      0.000     0.000 r  
    W5                                                0.000     0.000 r  clk (IN)
                         net (fo=0)                   0.000     0.000    clk
    W5                   IBUF (Prop_ibuf_I_O)         0.226     0.226 r  clk_IBUF_inst/O
                         net (fo=1, routed)           0.631     0.858    clk_IBUF
    BUFGCTRL_X0Y0        BUFG (Prop_bufg_I_O)         0.026     0.884 r  clk_IBUF_BUFG_inst/O
                         net (fo=239, routed)         0.582     1.465    u_seg/clk_IBUF_BUFG
    SLICE_X65Y24         FDRE                                         r  u_seg/IO_SSEG_SEL_reg[1]/C
  -------------------------------------------------------------------    -------------------
    SLICE_X65Y24         FDRE (Prop_fdre_C_Q)         0.128     1.593 r  u_seg/IO_SSEG_SEL_reg[1]/Q
                         net (fo=1, routed)           0.395     1.988    IO_SSEG_SEL_OBUF[1]
    U4                   OBUF (Prop_obuf_I_O)         1.254     3.243 r  IO_SSEG_SEL_OBUF[1]_inst/O
                         net (fo=0)                   0.000     3.243    IO_SSEG_SEL[1]
    U4                                                                r  IO_SSEG_SEL[1] (OUT)
  -------------------------------------------------------------------    -------------------

Slack:                    inf
  Source:                 u_seg/IO_SSEG_reg[5]/C
                            (rising edge-triggered cell FDRE clocked by sys_clk_pin  {rise@0.000ns fall@5.000ns period=10.000ns})
  Destination:            IO_SSEG[5]
                            (output port)
  Path Group:             (none)
  Path Type:              Min at Fast Process Corner
  Data Path Delay:        1.788ns  (logic 1.387ns (77.552%)  route 0.401ns (22.448%))
  Logic Levels:           1  (OBUF=1)
  Clock Uncertainty:      0.025ns  ((TSJ^2 + TIJ^2)^1/2 + DJ) / 2 + PE
    Total System Jitter     (TSJ):    0.050ns
    Total Input Jitter      (TIJ):    0.000ns
    Discrete Jitter          (DJ):    0.000ns
    Phase Error              (PE):    0.000ns

    Location             Delay type                Incr(ns)  Path(ns)    Netlist Resource(s)
  -------------------------------------------------------------------    -------------------
                         (clock sys_clk_pin rise edge)
                                                      0.000     0.000 r  
    W5                                                0.000     0.000 r  clk (IN)
                         net (fo=0)                   0.000     0.000    clk
    W5                   IBUF (Prop_ibuf_I_O)         0.226     0.226 r  clk_IBUF_inst/O
                         net (fo=1, routed)           0.631     0.858    clk_IBUF
    BUFGCTRL_X0Y0        BUFG (Prop_bufg_I_O)         0.026     0.884 r  clk_IBUF_BUFG_inst/O
                         net (fo=239, routed)         0.585     1.468    u_seg/clk_IBUF_BUFG
    SLICE_X62Y22         FDRE                                         r  u_seg/IO_SSEG_reg[5]/C
  -------------------------------------------------------------------    -------------------
    SLICE_X62Y22         FDRE (Prop_fdre_C_Q)         0.128     1.596 r  u_seg/IO_SSEG_reg[5]/Q
                         net (fo=1, routed)           0.401     1.997    IO_SSEG_OBUF[5]
    V5                   OBUF (Prop_obuf_I_O)         1.259     3.256 r  IO_SSEG_OBUF[5]_inst/O
                         net (fo=0)                   0.000     3.256    IO_SSEG[5]
    V5                                                                r  IO_SSEG[5] (OUT)
  -------------------------------------------------------------------    -------------------

Slack:                    inf
  Source:                 u_seg/IO_SSEG_SEL_reg[0]/C
                            (rising edge-triggered cell FDRE clocked by sys_clk_pin  {rise@0.000ns fall@5.000ns period=10.000ns})
  Destination:            IO_SSEG_SEL[0]
                            (output port)
  Path Group:             (none)
  Path Type:              Min at Fast Process Corner
  Data Path Delay:        1.797ns  (logic 1.345ns (74.853%)  route 0.452ns (25.147%))
  Logic Levels:           1  (OBUF=1)
  Clock Uncertainty:      0.025ns  ((TSJ^2 + TIJ^2)^1/2 + DJ) / 2 + PE
    Total System Jitter     (TSJ):    0.050ns
    Total Input Jitter      (TIJ):    0.000ns
    Discrete Jitter          (DJ):    0.000ns
    Phase Error              (PE):    0.000ns

    Location             Delay type                Incr(ns)  Path(ns)    Netlist Resource(s)
  -------------------------------------------------------------------    -------------------
                         (clock sys_clk_pin rise edge)
                                                      0.000     0.000 r  
    W5                                                0.000     0.000 r  clk (IN)
                         net (fo=0)                   0.000     0.000    clk
    W5                   IBUF (Prop_ibuf_I_O)         0.226     0.226 r  clk_IBUF_inst/O
                         net (fo=1, routed)           0.631     0.858    clk_IBUF
    BUFGCTRL_X0Y0        BUFG (Prop_bufg_I_O)         0.026     0.884 r  clk_IBUF_BUFG_inst/O
                         net (fo=239, routed)         0.582     1.465    u_seg/clk_IBUF_BUFG
    SLICE_X65Y24         FDRE                                         r  u_seg/IO_SSEG_SEL_reg[0]/C
  -------------------------------------------------------------------    -------------------
    SLICE_X65Y24         FDRE (Prop_fdre_C_Q)         0.141     1.606 r  u_seg/IO_SSEG_SEL_reg[0]/Q
                         net (fo=1, routed)           0.452     2.058    IO_SSEG_SEL_OBUF[0]
    U2                   OBUF (Prop_obuf_I_O)         1.204     3.262 r  IO_SSEG_SEL_OBUF[0]_inst/O
                         net (fo=0)                   0.000     3.262    IO_SSEG_SEL[0]
    U2                                                                r  IO_SSEG_SEL[0] (OUT)
  -------------------------------------------------------------------    -------------------

Slack:                    inf
  Source:                 u_seg/IO_SSEG_reg[3]/C
                            (rising edge-triggered cell FDRE clocked by sys_clk_pin  {rise@0.000ns fall@5.000ns period=10.000ns})
  Destination:            IO_SSEG[3]
                            (output port)
  Path Group:             (none)
  Path Type:              Min at Fast Process Corner
  Data Path Delay:        1.796ns  (logic 1.417ns (78.927%)  route 0.378ns (21.073%))
  Logic Levels:           1  (OBUF=1)
  Clock Uncertainty:      0.025ns  ((TSJ^2 + TIJ^2)^1/2 + DJ) / 2 + PE
    Total System Jitter     (TSJ):    0.050ns
    Total Input Jitter      (TIJ):    0.000ns
    Discrete Jitter          (DJ):    0.000ns
    Phase Error              (PE):    0.000ns

    Location             Delay type                Incr(ns)  Path(ns)    Netlist Resource(s)
  -------------------------------------------------------------------    -------------------
                         (clock sys_clk_pin rise edge)
                                                      0.000     0.000 r  
    W5                                                0.000     0.000 r  clk (IN)
                         net (fo=0)                   0.000     0.000    clk
    W5                   IBUF (Prop_ibuf_I_O)         0.226     0.226 r  clk_IBUF_inst/O
                         net (fo=1, routed)           0.631     0.858    clk_IBUF
    BUFGCTRL_X0Y0        BUFG (Prop_bufg_I_O)         0.026     0.884 r  clk_IBUF_BUFG_inst/O
                         net (fo=239, routed)         0.585     1.468    u_seg/clk_IBUF_BUFG
    SLICE_X62Y22         FDRE                                         r  u_seg/IO_SSEG_reg[3]/C
  -------------------------------------------------------------------    -------------------
    SLICE_X62Y22         FDRE (Prop_fdre_C_Q)         0.128     1.596 r  u_seg/IO_SSEG_reg[3]/Q
                         net (fo=1, routed)           0.378     1.975    IO_SSEG_OBUF[3]
    V8                   OBUF (Prop_obuf_I_O)         1.289     3.264 r  IO_SSEG_OBUF[3]_inst/O
                         net (fo=0)                   0.000     3.264    IO_SSEG[3]
    V8                                                                r  IO_SSEG[3] (OUT)
  -------------------------------------------------------------------    -------------------





--------------------------------------------------------------------------------------
Path Group:  (none)
From Clock:  
  To Clock:  sys_clk_pin

Max Delay             5 Endpoints
Min Delay             5 Endpoints
--------------------------------------------------------------------------------------


Max Delay Paths
--------------------------------------------------------------------------------------
Slack:                    inf
  Source:                 IO_BTN_R
                            (input port)
  Destination:            db_r/shift_reg[0]/D
                            (rising edge-triggered cell FDRE clocked by sys_clk_pin  {rise@0.000ns fall@5.000ns period=10.000ns})
  Path Group:             (none)
  Path Type:              Setup (Max at Slow Process Corner)
  Data Path Delay:        4.227ns  (logic 1.451ns (34.331%)  route 2.776ns (65.669%))
  Logic Levels:           1  (IBUF=1)
  Clock Path Skew:        4.853ns (DCD - SCD + CPR)
    Destination Clock Delay (DCD):    4.853ns
    Source Clock Delay      (SCD):    0.000ns
    Clock Pessimism Removal (CPR):    0.000ns
  Clock Uncertainty:      0.025ns  ((TSJ^2 + TIJ^2)^1/2 + DJ) / 2 + PE
    Total System Jitter     (TSJ):    0.050ns
    Total Input Jitter      (TIJ):    0.000ns
    Discrete Jitter          (DJ):    0.000ns
    Phase Error              (PE):    0.000ns

    Location             Delay type                Incr(ns)  Path(ns)    Netlist Resource(s)
  -------------------------------------------------------------------    -------------------
    T17                                               0.000     0.000 r  IO_BTN_R (IN)
                         net (fo=0)                   0.000     0.000    IO_BTN_R
    T17                  IBUF (Prop_ibuf_I_O)         1.451     1.451 r  IO_BTN_R_IBUF_inst/O
                         net (fo=1, routed)           2.776     4.227    db_r/D[0]
    SLICE_X58Y15         FDRE                                         r  db_r/shift_reg[0]/D
  -------------------------------------------------------------------    -------------------

                         (clock sys_clk_pin rise edge)
                                                      0.000     0.000 r  
    W5                                                0.000     0.000 r  clk (IN)
                         net (fo=0)                   0.000     0.000    clk
    W5                   IBUF (Prop_ibuf_I_O)         1.388     1.388 r  clk_IBUF_inst/O
                         net (fo=1, routed)           1.862     3.250    clk_IBUF
    BUFGCTRL_X0Y0        BUFG (Prop_bufg_I_O)         0.091     3.341 r  clk_IBUF_BUFG_inst/O
                         net (fo=239, routed)         1.512     4.853    db_r/clk_IBUF_BUFG
    SLICE_X58Y15         FDRE                                         r  db_r/shift_reg[0]/C

Slack:                    inf
  Source:                 IO_BTN_D
                            (input port)
  Destination:            db_d/shift_reg[0]/D
                            (rising edge-triggered cell FDRE clocked by sys_clk_pin  {rise@0.000ns fall@5.000ns period=10.000ns})
  Path Group:             (none)
  Path Type:              Setup (Max at Slow Process Corner)
  Data Path Delay:        4.204ns  (logic 1.452ns (34.551%)  route 2.751ns (65.449%))
  Logic Levels:           1  (IBUF=1)
  Clock Path Skew:        4.778ns (DCD - SCD + CPR)
    Destination Clock Delay (DCD):    4.778ns
    Source Clock Delay      (SCD):    0.000ns
    Clock Pessimism Removal (CPR):    0.000ns
  Clock Uncertainty:      0.025ns  ((TSJ^2 + TIJ^2)^1/2 + DJ) / 2 + PE
    Total System Jitter     (TSJ):    0.050ns
    Total Input Jitter      (TIJ):    0.000ns
    Discrete Jitter          (DJ):    0.000ns
    Phase Error              (PE):    0.000ns

    Location             Delay type                Incr(ns)  Path(ns)    Netlist Resource(s)
  -------------------------------------------------------------------    -------------------
    U17                                               0.000     0.000 r  IO_BTN_D (IN)
                         net (fo=0)                   0.000     0.000    IO_BTN_D
    U17                  IBUF (Prop_ibuf_I_O)         1.452     1.452 r  IO_BTN_D_IBUF_inst/O
                         net (fo=1, routed)           2.751     4.204    db_d/D[0]
    SLICE_X54Y23         FDRE                                         r  db_d/shift_reg[0]/D
  -------------------------------------------------------------------    -------------------

                         (clock sys_clk_pin rise edge)
                                                      0.000     0.000 r  
    W5                                                0.000     0.000 r  clk (IN)
                         net (fo=0)                   0.000     0.000    clk
    W5                   IBUF (Prop_ibuf_I_O)         1.388     1.388 r  clk_IBUF_inst/O
                         net (fo=1, routed)           1.862     3.250    clk_IBUF
    BUFGCTRL_X0Y0        BUFG (Prop_bufg_I_O)         0.091     3.341 r  clk_IBUF_BUFG_inst/O
                         net (fo=239, routed)         1.437     4.778    db_d/clk_IBUF_BUFG
    SLICE_X54Y23         FDRE                                         r  db_d/shift_reg[0]/C

Slack:                    inf
  Source:                 IO_BTN_U
                            (input port)
  Destination:            db_u/shift_reg[0]/D
                            (rising edge-triggered cell FDRE clocked by sys_clk_pin  {rise@0.000ns fall@5.000ns period=10.000ns})
  Path Group:             (none)
  Path Type:              Setup (Max at Slow Process Corner)
  Data Path Delay:        4.112ns  (logic 1.454ns (35.355%)  route 2.658ns (64.645%))
  Logic Levels:           1  (IBUF=1)
  Clock Path Skew:        4.854ns (DCD - SCD + CPR)
    Destination Clock Delay (DCD):    4.854ns
    Source Clock Delay      (SCD):    0.000ns
    Clock Pessimism Removal (CPR):    0.000ns
  Clock Uncertainty:      0.025ns  ((TSJ^2 + TIJ^2)^1/2 + DJ) / 2 + PE
    Total System Jitter     (TSJ):    0.050ns
    Total Input Jitter      (TIJ):    0.000ns
    Discrete Jitter          (DJ):    0.000ns
    Phase Error              (PE):    0.000ns

    Location             Delay type                Incr(ns)  Path(ns)    Netlist Resource(s)
  -------------------------------------------------------------------    -------------------
    T18                                               0.000     0.000 r  IO_BTN_U (IN)
                         net (fo=0)                   0.000     0.000    IO_BTN_U
    T18                  IBUF (Prop_ibuf_I_O)         1.454     1.454 r  IO_BTN_U_IBUF_inst/O
                         net (fo=1, routed)           2.658     4.112    db_u/D[0]
    SLICE_X60Y14         FDRE                                         r  db_u/shift_reg[0]/D
  -------------------------------------------------------------------    -------------------

                         (clock sys_clk_pin rise edge)
                                                      0.000     0.000 r  
    W5                                                0.000     0.000 r  clk (IN)
                         net (fo=0)                   0.000     0.000    clk
    W5                   IBUF (Prop_ibuf_I_O)         1.388     1.388 r  clk_IBUF_inst/O
                         net (fo=1, routed)           1.862     3.250    clk_IBUF
    BUFGCTRL_X0Y0        BUFG (Prop_bufg_I_O)         0.091     3.341 r  clk_IBUF_BUFG_inst/O
                         net (fo=239, routed)         1.513     4.854    db_u/clk_IBUF_BUFG
    SLICE_X60Y14         FDRE                                         r  db_u/shift_reg[0]/C

Slack:                    inf
  Source:                 IO_BTN_L
                            (input port)
  Destination:            db_l/shift_reg[0]/D
                            (rising edge-triggered cell FDRE clocked by sys_clk_pin  {rise@0.000ns fall@5.000ns period=10.000ns})
  Path Group:             (none)
  Path Type:              Setup (Max at Slow Process Corner)
  Data Path Delay:        3.893ns  (logic 1.451ns (37.279%)  route 2.442ns (62.721%))
  Logic Levels:           1  (IBUF=1)
  Clock Path Skew:        4.785ns (DCD - SCD + CPR)
    Destination Clock Delay (DCD):    4.785ns
    Source Clock Delay      (SCD):    0.000ns
    Clock Pessimism Removal (CPR):    0.000ns
  Clock Uncertainty:      0.025ns  ((TSJ^2 + TIJ^2)^1/2 + DJ) / 2 + PE
    Total System Jitter     (TSJ):    0.050ns
    Total Input Jitter      (TIJ):    0.000ns
    Discrete Jitter          (DJ):    0.000ns
    Phase Error              (PE):    0.000ns

    Location             Delay type                Incr(ns)  Path(ns)    Netlist Resource(s)
  -------------------------------------------------------------------    -------------------
    W19                                               0.000     0.000 r  IO_BTN_L (IN)
                         net (fo=0)                   0.000     0.000    IO_BTN_L
    W19                  IBUF (Prop_ibuf_I_O)         1.451     1.451 r  IO_BTN_L_IBUF_inst/O
                         net (fo=1, routed)           2.442     3.893    db_l/D[0]
    SLICE_X54Y17         FDRE                                         r  db_l/shift_reg[0]/D
  -------------------------------------------------------------------    -------------------

                         (clock sys_clk_pin rise edge)
                                                      0.000     0.000 r  
    W5                                                0.000     0.000 r  clk (IN)
                         net (fo=0)                   0.000     0.000    clk
    W5                   IBUF (Prop_ibuf_I_O)         1.388     1.388 r  clk_IBUF_inst/O
                         net (fo=1, routed)           1.862     3.250    clk_IBUF
    BUFGCTRL_X0Y0        BUFG (Prop_bufg_I_O)         0.091     3.341 r  clk_IBUF_BUFG_inst/O
                         net (fo=239, routed)         1.444     4.785    db_l/clk_IBUF_BUFG
    SLICE_X54Y17         FDRE                                         r  db_l/shift_reg[0]/C

Slack:                    inf
  Source:                 IO_BTN_C
                            (input port)
  Destination:            db_c/shift_reg[0]/D
                            (rising edge-triggered cell FDRE clocked by sys_clk_pin  {rise@0.000ns fall@5.000ns period=10.000ns})
  Path Group:             (none)
  Path Type:              Setup (Max at Slow Process Corner)
  Data Path Delay:        3.851ns  (logic 1.441ns (37.425%)  route 2.410ns (62.575%))
  Logic Levels:           1  (IBUF=1)
  Clock Path Skew:        4.789ns (DCD - SCD + CPR)
    Destination Clock Delay (DCD):    4.789ns
    Source Clock Delay      (SCD):    0.000ns
    Clock Pessimism Removal (CPR):    0.000ns
  Clock Uncertainty:      0.025ns  ((TSJ^2 + TIJ^2)^1/2 + DJ) / 2 + PE
    Total System Jitter     (TSJ):    0.050ns
    Total Input Jitter      (TIJ):    0.000ns
    Discrete Jitter          (DJ):    0.000ns
    Phase Error              (PE):    0.000ns

    Location             Delay type                Incr(ns)  Path(ns)    Netlist Resource(s)
  -------------------------------------------------------------------    -------------------
    U18                                               0.000     0.000 r  IO_BTN_C (IN)
                         net (fo=0)                   0.000     0.000    IO_BTN_C
    U18                  IBUF (Prop_ibuf_I_O)         1.441     1.441 r  IO_BTN_C_IBUF_inst/O
                         net (fo=1, routed)           2.410     3.851    db_c/D[0]
    SLICE_X56Y13         FDRE                                         r  db_c/shift_reg[0]/D
  -------------------------------------------------------------------    -------------------

                         (clock sys_clk_pin rise edge)
                                                      0.000     0.000 r  
    W5                                                0.000     0.000 r  clk (IN)
                         net (fo=0)                   0.000     0.000    clk
    W5                   IBUF (Prop_ibuf_I_O)         1.388     1.388 r  clk_IBUF_inst/O
                         net (fo=1, routed)           1.862     3.250    clk_IBUF
    BUFGCTRL_X0Y0        BUFG (Prop_bufg_I_O)         0.091     3.341 r  clk_IBUF_BUFG_inst/O
                         net (fo=239, routed)         1.448     4.789    db_c/clk_IBUF_BUFG
    SLICE_X56Y13         FDRE                                         r  db_c/shift_reg[0]/C





Min Delay Paths
--------------------------------------------------------------------------------------
Slack:                    inf
  Source:                 IO_BTN_C
                            (input port)
  Destination:            db_c/shift_reg[0]/D
                            (rising edge-triggered cell FDRE clocked by sys_clk_pin  {rise@0.000ns fall@5.000ns period=10.000ns})
  Path Group:             (none)
  Path Type:              Hold (Min at Fast Process Corner)
  Data Path Delay:        1.333ns  (logic 0.210ns (15.714%)  route 1.124ns (84.286%))
  Logic Levels:           1  (IBUF=1)
  Clock Path Skew:        1.959ns (DCD - SCD - CPR)
    Destination Clock Delay (DCD):    1.959ns
    Source Clock Delay      (SCD):    0.000ns
    Clock Pessimism Removal (CPR):    -0.000ns

    Location             Delay type                Incr(ns)  Path(ns)    Netlist Resource(s)
  -------------------------------------------------------------------    -------------------
    U18                                               0.000     0.000 r  IO_BTN_C (IN)
                         net (fo=0)                   0.000     0.000    IO_BTN_C
    U18                  IBUF (Prop_ibuf_I_O)         0.210     0.210 r  IO_BTN_C_IBUF_inst/O
                         net (fo=1, routed)           1.124     1.333    db_c/D[0]
    SLICE_X56Y13         FDRE                                         r  db_c/shift_reg[0]/D
  -------------------------------------------------------------------    -------------------

                         (clock sys_clk_pin rise edge)
                                                      0.000     0.000 r  
    W5                                                0.000     0.000 r  clk (IN)
                         net (fo=0)                   0.000     0.000    clk
    W5                   IBUF (Prop_ibuf_I_O)         0.414     0.414 r  clk_IBUF_inst/O
                         net (fo=1, routed)           0.685     1.099    clk_IBUF
    BUFGCTRL_X0Y0        BUFG (Prop_bufg_I_O)         0.029     1.128 r  clk_IBUF_BUFG_inst/O
                         net (fo=239, routed)         0.832     1.959    db_c/clk_IBUF_BUFG
    SLICE_X56Y13         FDRE                                         r  db_c/shift_reg[0]/C

Slack:                    inf
  Source:                 IO_BTN_L
                            (input port)
  Destination:            db_l/shift_reg[0]/D
                            (rising edge-triggered cell FDRE clocked by sys_clk_pin  {rise@0.000ns fall@5.000ns period=10.000ns})
  Path Group:             (none)
  Path Type:              Hold (Min at Fast Process Corner)
  Data Path Delay:        1.356ns  (logic 0.219ns (16.177%)  route 1.137ns (83.823%))
  Logic Levels:           1  (IBUF=1)
  Clock Path Skew:        1.956ns (DCD - SCD - CPR)
    Destination Clock Delay (DCD):    1.956ns
    Source Clock Delay      (SCD):    0.000ns
    Clock Pessimism Removal (CPR):    -0.000ns

    Location             Delay type                Incr(ns)  Path(ns)    Netlist Resource(s)
  -------------------------------------------------------------------    -------------------
    W19                                               0.000     0.000 r  IO_BTN_L (IN)
                         net (fo=0)                   0.000     0.000    IO_BTN_L
    W19                  IBUF (Prop_ibuf_I_O)         0.219     0.219 r  IO_BTN_L_IBUF_inst/O
                         net (fo=1, routed)           1.137     1.356    db_l/D[0]
    SLICE_X54Y17         FDRE                                         r  db_l/shift_reg[0]/D
  -------------------------------------------------------------------    -------------------

                         (clock sys_clk_pin rise edge)
                                                      0.000     0.000 r  
    W5                                                0.000     0.000 r  clk (IN)
                         net (fo=0)                   0.000     0.000    clk
    W5                   IBUF (Prop_ibuf_I_O)         0.414     0.414 r  clk_IBUF_inst/O
                         net (fo=1, routed)           0.685     1.099    clk_IBUF
    BUFGCTRL_X0Y0        BUFG (Prop_bufg_I_O)         0.029     1.128 r  clk_IBUF_BUFG_inst/O
                         net (fo=239, routed)         0.829     1.956    db_l/clk_IBUF_BUFG
    SLICE_X54Y17         FDRE                                         r  db_l/shift_reg[0]/C

Slack:                    inf
  Source:                 IO_BTN_U
                            (input port)
  Destination:            db_u/shift_reg[0]/D
                            (rising edge-triggered cell FDRE clocked by sys_clk_pin  {rise@0.000ns fall@5.000ns period=10.000ns})
  Path Group:             (none)
  Path Type:              Hold (Min at Fast Process Corner)
  Data Path Delay:        1.470ns  (logic 0.222ns (15.093%)  route 1.248ns (84.907%))
  Logic Levels:           1  (IBUF=1)
  Clock Path Skew:        1.986ns (DCD - SCD - CPR)
    Destination Clock Delay (DCD):    1.986ns
    Source Clock Delay      (SCD):    0.000ns
    Clock Pessimism Removal (CPR):    -0.000ns

    Location             Delay type                Incr(ns)  Path(ns)    Netlist Resource(s)
  -------------------------------------------------------------------    -------------------
    T18                                               0.000     0.000 r  IO_BTN_U (IN)
                         net (fo=0)                   0.000     0.000    IO_BTN_U
    T18                  IBUF (Prop_ibuf_I_O)         0.222     0.222 r  IO_BTN_U_IBUF_inst/O
                         net (fo=1, routed)           1.248     1.470    db_u/D[0]
    SLICE_X60Y14         FDRE                                         r  db_u/shift_reg[0]/D
  -------------------------------------------------------------------    -------------------

                         (clock sys_clk_pin rise edge)
                                                      0.000     0.000 r  
    W5                                                0.000     0.000 r  clk (IN)
                         net (fo=0)                   0.000     0.000    clk
    W5                   IBUF (Prop_ibuf_I_O)         0.414     0.414 r  clk_IBUF_inst/O
                         net (fo=1, routed)           0.685     1.099    clk_IBUF
    BUFGCTRL_X0Y0        BUFG (Prop_bufg_I_O)         0.029     1.128 r  clk_IBUF_BUFG_inst/O
                         net (fo=239, routed)         0.859     1.986    db_u/clk_IBUF_BUFG
    SLICE_X60Y14         FDRE                                         r  db_u/shift_reg[0]/C

Slack:                    inf
  Source:                 IO_BTN_D
                            (input port)
  Destination:            db_d/shift_reg[0]/D
                            (rising edge-triggered cell FDRE clocked by sys_clk_pin  {rise@0.000ns fall@5.000ns period=10.000ns})
  Path Group:             (none)
  Path Type:              Hold (Min at Fast Process Corner)
  Data Path Delay:        1.484ns  (logic 0.221ns (14.864%)  route 1.263ns (85.136%))
  Logic Levels:           1  (IBUF=1)
  Clock Path Skew:        1.949ns (DCD - SCD - CPR)
    Destination Clock Delay (DCD):    1.949ns
    Source Clock Delay      (SCD):    0.000ns
    Clock Pessimism Removal (CPR):    -0.000ns

    Location             Delay type                Incr(ns)  Path(ns)    Netlist Resource(s)
  -------------------------------------------------------------------    -------------------
    U17                                               0.000     0.000 r  IO_BTN_D (IN)
                         net (fo=0)                   0.000     0.000    IO_BTN_D
    U17                  IBUF (Prop_ibuf_I_O)         0.221     0.221 r  IO_BTN_D_IBUF_inst/O
                         net (fo=1, routed)           1.263     1.484    db_d/D[0]
    SLICE_X54Y23         FDRE                                         r  db_d/shift_reg[0]/D
  -------------------------------------------------------------------    -------------------

                         (clock sys_clk_pin rise edge)
                                                      0.000     0.000 r  
    W5                                                0.000     0.000 r  clk (IN)
                         net (fo=0)                   0.000     0.000    clk
    W5                   IBUF (Prop_ibuf_I_O)         0.414     0.414 r  clk_IBUF_inst/O
                         net (fo=1, routed)           0.685     1.099    clk_IBUF
    BUFGCTRL_X0Y0        BUFG (Prop_bufg_I_O)         0.029     1.128 r  clk_IBUF_BUFG_inst/O
                         net (fo=239, routed)         0.822     1.949    db_d/clk_IBUF_BUFG
    SLICE_X54Y23         FDRE                                         r  db_d/shift_reg[0]/C

Slack:                    inf
  Source:                 IO_BTN_R
                            (input port)
  Destination:            db_r/shift_reg[0]/D
                            (rising edge-triggered cell FDRE clocked by sys_clk_pin  {rise@0.000ns fall@5.000ns period=10.000ns})
  Path Group:             (none)
  Path Type:              Hold (Min at Fast Process Corner)
  Data Path Delay:        1.516ns  (logic 0.219ns (14.464%)  route 1.297ns (85.536%))
  Logic Levels:           1  (IBUF=1)
  Clock Path Skew:        1.985ns (DCD - SCD - CPR)
    Destination Clock Delay (DCD):    1.985ns
    Source Clock Delay      (SCD):    0.000ns
    Clock Pessimism Removal (CPR):    -0.000ns

    Location             Delay type                Incr(ns)  Path(ns)    Netlist Resource(s)
  -------------------------------------------------------------------    -------------------
    T17                                               0.000     0.000 r  IO_BTN_R (IN)
                         net (fo=0)                   0.000     0.000    IO_BTN_R
    T17                  IBUF (Prop_ibuf_I_O)         0.219     0.219 r  IO_BTN_R_IBUF_inst/O
                         net (fo=1, routed)           1.297     1.516    db_r/D[0]
    SLICE_X58Y15         FDRE                                         r  db_r/shift_reg[0]/D
  -------------------------------------------------------------------    -------------------

                         (clock sys_clk_pin rise edge)
                                                      0.000     0.000 r  
    W5                                                0.000     0.000 r  clk (IN)
                         net (fo=0)                   0.000     0.000    clk
    W5                   IBUF (Prop_ibuf_I_O)         0.414     0.414 r  clk_IBUF_inst/O
                         net (fo=1, routed)           0.685     1.099    clk_IBUF
    BUFGCTRL_X0Y0        BUFG (Prop_bufg_I_O)         0.029     1.128 r  clk_IBUF_BUFG_inst/O
                         net (fo=239, routed)         0.858     1.985    db_r/clk_IBUF_BUFG
    SLICE_X58Y15         FDRE                                         r  db_r/shift_reg[0]/C





